android.app.Activity->findViewById,24.125
android.content.Intent-><init>,18.5
android.app.Activity->finish,16.458333333333332
android.view.ContextThemeWrapper->getString,16.166666666666668
android.widget.Toast->makeText,13.291666666666666
android.widget.Toast->show,13.208333333333334
android.widget.Button->setOnClickListener,12.916666666666666
android.app.Activity->startActivity,11.625
android.util.Log->i,10.041666666666666
java.io.ByteArrayOutputStream->write,8.583333333333334
org.apache.http.message.BasicNameValuePair-><init>,7.958333333333333
java.io.File-><init>,7.833333333333333
android.os.Bundle->getString,7.791666666666667
android.content.Intent->putExtra,7.25
android.util.Log->e,6.791666666666667
android.widget.RelativeLayout->addView,6.791666666666667
android.widget.TextView->setText,6.5
android.app.Activity->onCreate,6.375
android.app.Activity->setContentView,6.166666666666667
android.app.Activity-><init>,6.0
android.content.Context->getSystemService,5.833333333333333
android.content.SharedPreferences->edit,5.666666666666667
android.content.SharedPreferences->getString,5.583333333333333
java.io.File->exists,5.416666666666667
android.util.Log->d,5.25
org.apache.http.client.HttpClient->execute,4.708333333333333
org.apache.http.impl.client.DefaultHttpClient-><init>,4.458333333333333
android.database.Cursor->getString,4.375
java.io.IOException->printStackTrace,4.333333333333333
android.app.ProgressDialog->dismiss,4.333333333333333
android.os.Handler-><init>,4.208333333333333
java.io.InputStream->close,4.083333333333333
org.apache.http.client.methods.HttpGet-><init>,3.9583333333333335
android.content.Context->getPackageName,3.9166666666666665
org.apache.http.StatusLine->getStatusCode,3.6666666666666665
android.widget.LinearLayout->addView,3.6666666666666665
android.content.res.AssetManager->open,3.625
org.apache.http.HttpResponse->getStatusLine,3.625
java.io.File->getName,3.5833333333333335
java.io.InputStream->read,3.5833333333333335
android.content.Context->getSharedPreferences,3.5416666666666665
android.content.Context->getResources,3.2916666666666665
android.widget.Button->setText,3.25
android.widget.ImageView->setImageResource,3.25
android.content.Intent->getStringExtra,3.25
org.apache.http.client.methods.HttpGet->addHeader,3.1666666666666665
android.widget.RelativeLayout-><init>,3.125
org.apache.http.HttpResponse->getEntity,3.125
java.io.FileOutputStream-><init>,3.0833333333333335
android.content.Intent->getExtras,3.0833333333333335
android.util.Log->w,3.0416666666666665
android.app.ProgressDialog->show,2.9583333333333335
android.content.SharedPreferences->getBoolean,2.9583333333333335
android.content.ContentValues->put,2.9583333333333335
android.os.Bundle->getBoolean,2.9166666666666665
android.view.ContextThemeWrapper->getResources,2.875
android.view.WindowManager->getDefaultDisplay,2.7916666666666665
android.content.SharedPreferences->getInt,2.75
android.webkit.WebView->getSettings,2.7083333333333335
android.database.Cursor->getColumnIndex,2.6666666666666665
android.net.Uri->parse,2.625
android.content.res.Resources->getDisplayMetrics,2.4583333333333335
android.widget.LinearLayout-><init>,2.4583333333333335
android.content.Intent->setClass,2.4166666666666665
android.widget.Button-><init>,2.4166666666666665
android.content.Intent->setAction,2.4166666666666665
android.app.Activity->getWindowManager,2.3333333333333335
android.app.ListActivity->getString,2.3333333333333335
android.app.Activity->requestWindowFeature,2.2916666666666665
android.app.Activity->getSystemService,2.1666666666666665
android.preference.PreferenceManager->getDefaultSharedPreferences,2.1666666666666665
android.webkit.WebView->loadUrl,2.0833333333333335
android.widget.RelativeLayout->setBackgroundColor,2.0833333333333335
android.net.NetworkInfo->getExtraInfo,2.0833333333333335
java.io.OutputStream->write,2.0416666666666665
android.content.Context->getPackageManager,2.0416666666666665
android.widget.FrameLayout->startAnimation,2.0416666666666665
java.io.OutputStream->close,1.9583333333333333
java.io.File->delete,1.9583333333333333
android.view.MotionEvent->getX,1.9583333333333333
org.apache.http.util.EntityUtils->toString,1.9166666666666667
android.view.ContextThemeWrapper->getApplicationContext,1.875
android.widget.Button->setId,1.8333333333333333
android.view.ContextThemeWrapper->getAssets,1.8333333333333333
java.io.File->getAbsolutePath,1.8333333333333333
java.io.File->length,1.8333333333333333
android.webkit.WebView-><init>,1.7916666666666667
android.content.Context->getString,1.7916666666666667
org.apache.http.params.HttpConnectionParams->setSoTimeout,1.7916666666666667
org.apache.http.params.HttpConnectionParams->setConnectionTimeout,1.7916666666666667
android.view.ContextThemeWrapper->getSharedPreferences,1.7916666666666667
java.io.DataOutputStream->flush,1.75
android.os.Bundle->getInt,1.75
org.apache.http.params.BasicHttpParams-><init>,1.75
android.graphics.BitmapFactory->decodeResource,1.75
org.apache.http.HttpHost-><init>,1.7083333333333333
android.widget.Button->setVisibility,1.7083333333333333
android.widget.Button->setBackgroundDrawable,1.6666666666666667
android.os.Handler->sendMessage,1.6666666666666667
android.widget.Button->setEnabled,1.6666666666666667
android.telephony.TelephonyManager->getDeviceId,1.6666666666666667
android.app.AlertDialog->show,1.6666666666666667
android.app.Activity->onResume,1.625
android.app.Activity->onKeyDown,1.625
android.net.ConnectivityManager->getActiveNetworkInfo,1.625
android.graphics.drawable.Drawable->createFromStream,1.625
android.content.BroadcastReceiver-><init>,1.5416666666666667
android.widget.Button->setBackgroundColor,1.5416666666666667
android.widget.Button->setTextColor,1.5416666666666667
android.graphics.Rect-><init>,1.5416666666666667
android.widget.LinearLayout->setOrientation,1.5416666666666667
android.view.Display->getWidth,1.5416666666666667
java.io.DataOutputStream->writeBytes,1.5
android.widget.RelativeLayout->setVisibility,1.5
org.apache.http.client.methods.HttpPost->addHeader,1.5
android.webkit.WebView->setWebViewClient,1.5
android.net.NetworkInfo->isConnected,1.5
android.webkit.WebSettings->getUserAgentString,1.5
android.graphics.Canvas->translate,1.4583333333333333
android.net.ConnectivityManager->getNetworkInfo,1.4583333333333333
android.view.MotionEvent->getY,1.4583333333333333
android.webkit.WebViewClient-><init>,1.4583333333333333
android.database.Cursor->close,1.4583333333333333
android.app.Activity->onDestroy,1.4583333333333333
android.webkit.WebSettings->setJavaScriptEnabled,1.4583333333333333
android.graphics.Paint-><init>,1.4166666666666667
android.database.Cursor->getCount,1.4166666666666667
android.content.Intent->getAction,1.4166666666666667
android.app.Notification-><init>,1.4166666666666667
android.view.animation.TranslateAnimation-><init>,1.4166666666666667
android.database.Cursor->getInt,1.375
android.content.Intent->addFlags,1.375
android.app.Activity->setRequestedOrientation,1.3333333333333333
android.view.Menu->add,1.3333333333333333
android.graphics.Bitmap->getHeight,1.3333333333333333
java.io.PrintStream->println,1.3333333333333333
android.os.Bundle->get,1.2916666666666667
android.content.DialogInterface->dismiss,1.2916666666666667
android.graphics.Bitmap->getWidth,1.2916666666666667
android.view.MenuItem->setIcon,1.2916666666666667
java.io.FileOutputStream->close,1.2916666666666667
android.content.pm.PackageManager->getApplicationInfo,1.25
android.widget.ImageView-><init>,1.25
java.io.DataOutputStream-><init>,1.25
android.widget.TextView-><init>,1.25
android.view.View->getWidth,1.25
android.webkit.WebChromeClient-><init>,1.25
android.webkit.WebView->setWebChromeClient,1.25
java.io.DataInputStream->close,1.25
java.io.DataInputStream-><init>,1.25
android.app.Activity->onPause,1.25
android.widget.LinearLayout->setLayoutParams,1.25
android.view.Display->getHeight,1.25
android.app.Service->stopSelf,1.25
android.view.View->getHeight,1.25
android.view.ContextThemeWrapper->getPackageManager,1.2083333333333333
java.io.DataOutputStream->close,1.2083333333333333
android.app.Activity->onStop,1.2083333333333333
android.app.ProgressDialog->setCancelable,1.1666666666666667
android.app.Activity->showDialog,1.1666666666666667
android.graphics.Canvas->drawBitmap,1.1666666666666667
android.view.ContextThemeWrapper->startService,1.1666666666666667
android.view.View->findViewById,1.1666666666666667
android.widget.TextView->append,1.125
android.os.Environment->getExternalStorageState,1.125
org.apache.http.client.methods.HttpPost-><init>,1.125
android.os.SystemClock->uptimeMillis,1.125
android.content.res.Resources->getDrawable,1.125
java.io.BufferedReader->readLine,1.125
android.database.sqlite.SQLiteOpenHelper->getReadableDatabase,1.125
android.util.DisplayMetrics-><init>,1.125
android.graphics.BitmapFactory->decodeStream,1.0833333333333333
android.view.animation.TranslateAnimation->setAnimationListener,1.0833333333333333
android.view.Menu->findItem,1.0833333333333333
android.webkit.WebView->setBackgroundColor,1.0833333333333333
android.widget.EditText->getText,1.0833333333333333
android.widget.TextView->setTextColor,1.0833333333333333
android.view.animation.TranslateAnimation->setDuration,1.0833333333333333
android.widget.LinearLayout->setGravity,1.0416666666666667
android.graphics.Bitmap->recycle,1.0416666666666667
android.database.Cursor->moveToFirst,1.0416666666666667
android.widget.Spinner->setAdapter,1.0416666666666667
android.text.Editable->toString,1.0
android.os.SystemClock->sleep,1.0
android.database.Cursor->moveToNext,1.0
android.content.Intent->setDataAndType,1.0
android.content.res.Resources->getIdentifier,1.0
android.app.Activity->getWindow,0.9583333333333334
android.os.Handler->post,0.9583333333333334
android.widget.FrameLayout->addView,0.9583333333333334
android.widget.ImageView->setVisibility,0.9583333333333334
android.database.sqlite.SQLiteDatabase->close,0.9583333333333334
android.util.Log->v,0.9583333333333334
android.webkit.WebSettings->setBuiltInZoomControls,0.9583333333333334
android.content.pm.PackageManager->getLaunchIntentForPackage,0.9583333333333334
android.view.View->setVisibility,0.9583333333333334
android.content.Context->getContentResolver,0.9583333333333334
android.content.Context->getApplicationContext,0.9583333333333334
java.io.ByteArrayOutputStream->toByteArray,0.9583333333333334
android.widget.ProgressBar->setVisibility,0.9166666666666666
android.widget.Button->setLayoutParams,0.9166666666666666
android.net.Uri->fromFile,0.9166666666666666
android.content.Context->startActivity,0.9166666666666666
org.apache.http.client.methods.HttpPost->setEntity,0.9166666666666666
android.widget.ImageButton->setOnClickListener,0.9166666666666666
android.view.ContextThemeWrapper->setTheme,0.9166666666666666
android.graphics.Canvas->save,0.9166666666666666
android.webkit.WebView->goBack,0.9166666666666666
android.app.Service-><init>,0.9166666666666666
android.widget.Spinner->setOnItemSelectedListener,0.9166666666666666
android.widget.Spinner->setSelection,0.875
android.view.Display->getMetrics,0.875
android.graphics.Paint->setColor,0.875
android.media.AudioManager->setStreamVolume,0.875
java.io.ByteArrayOutputStream-><init>,0.875
android.content.ContextWrapper->getSystemService,0.875
android.app.Activity->addContentView,0.875
org.apache.http.HttpEntity->getContent,0.875
java.io.BufferedReader->close,0.875
android.view.MenuItem->getItemId,0.875
android.widget.TextView->setTextSize,0.8333333333333334
org.apache.http.client.HttpClient->getParams,0.8333333333333334
android.widget.FrameLayout-><init>,0.8333333333333334
android.app.PendingIntent->getActivity,0.8333333333333334
java.io.BufferedReader-><init>,0.8333333333333334
android.webkit.WebSettings->setAllowFileAccess,0.8333333333333334
android.content.ComponentName-><init>,0.8333333333333334
android.app.Activity->runOnUiThread,0.8333333333333334
android.graphics.Canvas->restore,0.8333333333333334
android.widget.CheckBox->setChecked,0.8333333333333334
android.content.ComponentName->getShortClassName,0.8333333333333334
android.app.NotificationManager->notify,0.8333333333333334
android.widget.RelativeLayout->setLayoutParams,0.8333333333333334
android.app.Service->onCreate,0.7916666666666666
android.app.Notification->setLatestEventInfo,0.7916666666666666
android.view.MotionEvent->getAction,0.7916666666666666
android.widget.ImageView->setImageBitmap,0.7916666666666666
java.io.File->isDirectory,0.7916666666666666
android.widget.ListView->setAdapter,0.7916666666666666
android.content.IntentFilter->addAction,0.7916666666666666
org.apache.http.params.HttpParams->setParameter,0.7916666666666666
android.content.ContentValues-><init>,0.7916666666666666
android.graphics.Bitmap->createBitmap,0.7916666666666666
java.net.URLConnection->getContentLength,0.75
java.io.DataOutputStream->write,0.75
android.app.ListActivity->startActivity,0.75
java.security.MessageDigest->digest,0.75
android.content.Intent->setComponent,0.75
java.security.MessageDigest->update,0.75
android.content.res.Resources->getString,0.75
android.os.Bundle->getLong,0.75
java.io.InputStreamReader-><init>,0.75
java.io.DataInputStream->readFully,0.75
java.io.LineNumberReader->close,0.75
android.view.MenuItem->setTitle,0.75
java.security.MessageDigest->getInstance,0.75
android.app.ListActivity->finish,0.75
android.app.Activity->setResult,0.75
android.app.Dialog->show,0.75
java.io.OutputStream->flush,0.75
android.widget.ProgressBar-><init>,0.75
android.app.Service->onDestroy,0.75
android.database.sqlite.SQLiteDatabase->query,0.75
android.content.Intent->getIntExtra,0.75
android.content.ContextWrapper->getPackageManager,0.75
android.webkit.WebView->addJavascriptInterface,0.7083333333333334
android.content.Context->checkCallingOrSelfPermission,0.7083333333333334
android.content.pm.PackageManager->getPackageInfo,0.7083333333333334
android.widget.TextView->setGravity,0.7083333333333334
android.webkit.WebView->setLayoutParams,0.7083333333333334
android.content.IntentFilter-><init>,0.7083333333333334
android.content.ContentResolver->query,0.7083333333333334
android.widget.EditText->setText,0.7083333333333334
android.view.View->invalidate,0.7083333333333334
android.widget.AbsoluteLayout->setId,0.7083333333333334
android.view.animation.ScaleAnimation->setDuration,0.6666666666666666
android.os.Bundle->putString,0.6666666666666666
android.view.animation.ScaleAnimation-><init>,0.6666666666666666
android.content.Intent->setData,0.6666666666666666
android.os.Message-><init>,0.6666666666666666
android.widget.ImageView->setBackgroundResource,0.6666666666666666
android.view.animation.AlphaAnimation-><init>,0.6666666666666666
android.os.Environment->getExternalStorageDirectory,0.6666666666666666
android.webkit.WebView->goForward,0.6666666666666666
android.view.animation.ScaleAnimation->setAnimationListener,0.6666666666666666
android.content.ContextWrapper->getApplicationInfo,0.625
android.widget.LinearLayout->setBackgroundColor,0.625
java.io.FileOutputStream->write,0.625
android.widget.RelativeLayout->setId,0.625
android.content.Intent->setFlags,0.625
android.graphics.Paint->setAntiAlias,0.625
org.apache.http.client.entity.UrlEncodedFormEntity-><init>,0.625
java.lang.Runtime->exec,0.625
java.lang.Runtime->getRuntime,0.625
android.view.Window->setFlags,0.625
java.io.ByteArrayInputStream-><init>,0.5833333333333334
android.widget.CheckBox->isChecked,0.5833333333333334
android.view.View->getVisibility,0.5833333333333334
android.view.ContextThemeWrapper->getPackageName,0.5833333333333334
android.os.Bundle->putInt,0.5833333333333334
android.view.animation.Animation->setDuration,0.5833333333333334
java.io.DataInputStream->available,0.5833333333333334
android.app.NotificationManager->cancel,0.5416666666666666
android.webkit.WebSettings->setDefaultTextEncodingName,0.5416666666666666
android.content.res.Resources->getConfiguration,0.5416666666666666
android.content.Intent->setType,0.5416666666666666
android.widget.FrameLayout->setPadding,0.5416666666666666
android.telephony.TelephonyManager->getLine1Number,0.5416666666666666
android.net.wifi.WifiManager->isWifiEnabled,0.5416666666666666
android.content.Context->getAssets,0.5416666666666666
android.content.Context->startService,0.5416666666666666
android.graphics.drawable.BitmapDrawable->getBitmap,0.5416666666666666
android.view.LayoutInflater->inflate,0.5416666666666666
android.content.SharedPreferences->getLong,0.5416666666666666
android.widget.ListView->setOnItemClickListener,0.5416666666666666
android.widget.FrameLayout->setWillNotDraw,0.5416666666666666
android.widget.Button->getId,0.5416666666666666
android.widget.TextView->setLayoutParams,0.5416666666666666
android.app.Activity->setProgressBarVisibility,0.5416666666666666
android.net.NetworkInfo->getTypeName,0.5416666666666666
android.widget.FrameLayout->setId,0.5416666666666666
android.database.sqlite.SQLiteOpenHelper->getWritableDatabase,0.5416666666666666
java.lang.reflect.Array->newInstance,0.5416666666666666
android.view.MotionEvent->obtain,0.5
android.graphics.Canvas->scale,0.5
android.telephony.TelephonyManager->getSubscriberId,0.5
android.content.ContextWrapper->getPackageName,0.5
android.content.Context->getFileStreamPath,0.5
android.view.SurfaceView->getHolder,0.5
android.graphics.Canvas->drawText,0.5
android.app.Activity->onCreateOptionsMenu,0.5
android.widget.RelativeLayout->getVisibility,0.5
android.widget.Button->setTextSize,0.5
android.content.Intent->getDataString,0.5
android.view.animation.AlphaAnimation->setDuration,0.5
android.widget.TextView->getText,0.5
java.io.File->listFiles,0.5
java.io.File->getPath,0.5
android.widget.ImageView->setOnClickListener,0.5
android.widget.LinearLayout->setVisibility,0.5
android.widget.TextView->setOnClickListener,0.5
android.view.View->dispatchTouchEvent,0.5
java.security.MessageDigest->reset,0.5
android.widget.ListView-><init>,0.4583333333333333
java.io.File->createNewFile,0.4583333333333333
android.view.View->getBackground,0.4583333333333333
java.io.File->mkdir,0.4583333333333333
android.widget.ImageView->setId,0.4583333333333333
android.view.LayoutInflater->from,0.4583333333333333
android.content.ContextWrapper->getFilesDir,0.4583333333333333
android.widget.RelativeLayout->getResources,0.4583333333333333
android.graphics.Canvas->drawLine,0.4583333333333333
android.content.ContextWrapper->getString,0.4583333333333333
android.graphics.drawable.BitmapDrawable-><init>,0.4583333333333333
android.graphics.Canvas->drawRect,0.4583333333333333
android.view.View-><init>,0.4583333333333333
android.widget.ToggleButton->setChecked,0.4583333333333333
android.app.PendingIntent->getBroadcast,0.4583333333333333
android.webkit.WebView->destroy,0.4583333333333333
java.io.UnsupportedEncodingException->printStackTrace,0.4583333333333333
android.telephony.TelephonyManager->getSimOperatorName,0.4166666666666667
android.widget.ImageView->setBackgroundDrawable,0.4166666666666667
android.app.AlertDialog->dismiss,0.4166666666666667
android.net.NetworkInfo->getType,0.4166666666666667
android.widget.LinearLayout->getChildAt,0.4166666666666667
android.content.ContextWrapper->getApplicationContext,0.4166666666666667
android.os.Handler->postDelayed,0.4166666666666667
android.widget.RelativeLayout->getContext,0.4166666666666667
android.view.ContextThemeWrapper->stopService,0.4166666666666667
android.widget.TableLayout->getChildAt,0.4166666666666667
android.telephony.TelephonyManager->getSimSerialNumber,0.4166666666666667
android.content.ContentResolver->update,0.4166666666666667
android.graphics.Color->argb,0.4166666666666667
android.media.MediaPlayer->stop,0.4166666666666667
android.widget.ProgressBar->setLayoutParams,0.4166666666666667
android.widget.ImageView->setClickable,0.4166666666666667
android.graphics.Paint->setStyle,0.4166666666666667
android.widget.ProgressBar->setIndeterminate,0.4166666666666667
android.widget.ImageView->setLayoutParams,0.4166666666666667
android.widget.ScrollView->findViewById,0.4166666666666667
android.preference.PreferenceActivity->findPreference,0.4166666666666667
java.io.FileInputStream-><init>,0.4166666666666667
android.app.ActivityManager->getRunningServices,0.375
android.content.Context->registerReceiver,0.375
android.database.sqlite.SQLiteOpenHelper-><init>,0.375
android.webkit.WebView->stopLoading,0.375
android.graphics.Bitmap->isRecycled,0.375
android.net.wifi.WifiManager->getConnectionInfo,0.375
android.widget.RemoteViews-><init>,0.375
android.telephony.TelephonyManager->getNetworkOperatorName,0.375
android.os.Handler->obtainMessage,0.375
android.view.View->getId,0.375
android.content.IntentFilter->addDataScheme,0.375
android.widget.ImageButton->setVisibility,0.375
android.os.Handler->removeCallbacks,0.375
android.webkit.WebSettings->setGeolocationEnabled,0.375
android.content.Intent->addCategory,0.375
android.telephony.TelephonyManager->getNetworkOperator,0.375
android.view.KeyEvent->getAction,0.375
android.webkit.WebView->setDownloadListener,0.375
android.os.Message->setData,0.375
android.widget.TextView->setTypeface,0.375
android.view.SurfaceHolder->unlockCanvasAndPost,0.3333333333333333
android.app.Activity->isFinishing,0.3333333333333333
android.widget.Button->setBackgroundResource,0.3333333333333333
android.widget.TextView->setId,0.3333333333333333
java.io.FileReader-><init>,0.3333333333333333
android.graphics.drawable.Drawable->setCallback,0.3333333333333333
android.telephony.TelephonyManager->getSimState,0.3333333333333333
javax.crypto.Cipher->doFinal,0.3333333333333333
javax.crypto.Cipher->init,0.3333333333333333
android.content.res.Resources->openRawResource,0.3333333333333333
android.view.View->setLayoutParams,0.3333333333333333
android.content.SharedPreferences->contains,0.3333333333333333
android.widget.RemoteViews->setOnClickPendingIntent,0.3333333333333333
android.widget.Button->setGravity,0.3333333333333333
android.widget.ImageView->setPadding,0.3333333333333333
java.io.LineNumberReader->readLine,0.3333333333333333
javax.crypto.Cipher->getInstance,0.3333333333333333
android.telephony.TelephonyManager->getPhoneType,0.3333333333333333
android.content.pm.PackageManager->checkPermission,0.3333333333333333
android.view.SurfaceView-><init>,0.3333333333333333
android.app.Activity->startActivityForResult,0.3333333333333333
org.apache.http.impl.client.DefaultHttpClient->execute,0.3333333333333333
android.os.SystemClock->elapsedRealtime,0.3333333333333333
android.view.MenuItem->setVisible,0.3333333333333333
javax.crypto.spec.SecretKeySpec-><init>,0.3333333333333333
android.content.Context->unregisterReceiver,0.3333333333333333
java.io.LineNumberReader-><init>,0.3333333333333333
android.content.ContextWrapper->sendStickyBroadcast,0.3333333333333333
android.widget.ImageView->startAnimation,0.3333333333333333
android.widget.RadioButton->setText,0.3333333333333333
android.content.ContextWrapper->startActivity,0.3333333333333333
android.graphics.Canvas-><init>,0.3333333333333333
android.widget.ImageView->setMaxWidth,0.3333333333333333
android.view.SurfaceHolder->addCallback,0.3333333333333333
android.widget.RelativeLayout->invalidate,0.3333333333333333
android.widget.TextView->setVisibility,0.3333333333333333
android.content.pm.PackageManager->getInstalledPackages,0.3333333333333333
android.widget.LinearLayout->getChildCount,0.3333333333333333
android.view.MenuInflater->inflate,0.3333333333333333
android.app.Activity->overridePendingTransition,0.3333333333333333
android.graphics.BitmapFactory->decodeByteArray,0.3333333333333333
android.content.ContextWrapper->getSharedPreferences,0.3333333333333333
android.webkit.WebSettings->setSupportZoom,0.2916666666666667
android.app.TabActivity->findViewById,0.2916666666666667
java.io.ByteArrayOutputStream->close,0.2916666666666667
android.net.wifi.WifiManager->setWifiEnabled,0.2916666666666667
android.widget.LinearLayout->removeAllViews,0.2916666666666667
android.widget.ImageView->setMaxHeight,0.2916666666666667
android.widget.RelativeLayout->removeView,0.2916666666666667
java.io.File->getParent,0.2916666666666667
android.widget.RelativeLayout->onMeasure,0.2916666666666667
android.text.TextUtils->isEmpty,0.2916666666666667
android.content.Context->getApplicationInfo,0.2916666666666667
android.app.Activity->getMenuInflater,0.2916666666666667
android.widget.ImageView->getBackground,0.2916666666666667
android.widget.TextView->setPadding,0.2916666666666667
android.content.pm.ApplicationInfo->loadLabel,0.2916666666666667
android.content.SharedPreferences->getAll,0.2916666666666667
android.widget.BaseAdapter-><init>,0.2916666666666667
android.graphics.Matrix->setScale,0.2916666666666667
android.view.ContextThemeWrapper->getContentResolver,0.2916666666666667
android.media.MediaPlayer->isPlaying,0.2916666666666667
android.webkit.WebView->setScrollBarStyle,0.2916666666666667
android.widget.LinearLayout->setPadding,0.2916666666666667
android.view.View->startAnimation,0.2916666666666667
android.net.wifi.WifiInfo->getMacAddress,0.2916666666666667
android.content.Intent->createChooser,0.2916666666666667
android.content.ComponentName->getPackageName,0.2916666666666667
android.net.NetworkInfo->getState,0.2916666666666667
android.webkit.WebSettings->setJavaScriptCanOpenWindowsAutomatically,0.2916666666666667
java.io.File->canRead,0.2916666666666667
android.graphics.Paint->setStrokeWidth,0.2916666666666667
android.media.SoundPool->load,0.2916666666666667
org.apache.http.HttpEntity->getContentLength,0.2916666666666667
android.os.Handler->sendEmptyMessage,0.2916666666666667
java.io.File->mkdirs,0.2916666666666667
android.util.AttributeSet->getAttributeUnsignedIntValue,0.2916666666666667
java.lang.reflect.Modifier->isPublic,0.25
org.apache.http.client.methods.HttpGet->setHeader,0.25
android.widget.RelativeLayout->setGravity,0.25
android.preference.PreferenceActivity->getFilesDir,0.25
android.media.MediaPlayer->start,0.25
android.webkit.WebView->clearView,0.25
android.widget.GridView->setOnItemClickListener,0.25
android.app.ListActivity->onCreate,0.25
android.os.Handler->sendEmptyMessageDelayed,0.25
android.content.Intent->getBooleanExtra,0.25
android.content.res.Resources->getColor,0.25
android.location.Location->getLongitude,0.25
android.view.animation.Animation->setAnimationListener,0.25
android.os.Looper->myLooper,0.25
android.widget.AbsoluteLayout->requestFocusFromTouch,0.25
android.appwidget.AppWidgetProvider->onDeleted,0.25
android.webkit.CookieManager->getInstance,0.25
android.graphics.Color->parseColor,0.25
android.util.Log->isLoggable,0.25
android.graphics.Rect->set,0.25
android.webkit.CookieManager->setAcceptCookie,0.25
android.database.sqlite.SQLiteDatabase->insert,0.25
android.view.SurfaceView->getHeight,0.25
java.io.IOException->getMessage,0.25
android.content.pm.PackageManager->queryIntentActivities,0.25
android.appwidget.AppWidgetProvider-><init>,0.25
android.widget.ProgressBar->setEnabled,0.25
android.widget.LinearLayout->setBackgroundResource,0.25
android.app.ListActivity->setListAdapter,0.25
android.content.DialogInterface->cancel,0.25
android.content.Intent->setClassName,0.25
android.appwidget.AppWidgetProvider->onReceive,0.25
android.content.Context->openFileOutput,0.25
android.appwidget.AppWidgetProvider->onDisabled,0.25
android.view.MenuItem->setShortcut,0.25
android.media.AudioManager->getStreamVolume,0.25
android.os.Looper->prepare,0.25
android.app.Activity->setTitle,0.25
android.content.ContextWrapper->getContentResolver,0.25
android.widget.LinearLayout->setEnabled,0.25
android.app.ListActivity-><init>,0.25
android.graphics.Canvas->drawColor,0.25
android.widget.EditText->setVisibility,0.25
android.appwidget.AppWidgetManager->updateAppWidget,0.25
android.content.Intent->getParcelableExtra,0.25
android.app.ActivityManager->getRunningTasks,0.25
android.app.ListActivity->setContentView,0.25
android.webkit.WebView->enablePlatformNotifications,0.25
android.widget.RemoteViews->setTextViewText,0.25
android.app.Activity->dispatchTouchEvent,0.25
android.app.TabActivity->getString,0.25
android.location.Location->getLatitude,0.25
android.app.Activity->dismissDialog,0.25
android.webkit.WebView->canGoBack,0.25
android.widget.AbsoluteLayout->setVerticalScrollBarEnabled,0.25
android.graphics.Paint->setAlpha,0.25
android.net.NetworkInfo->getSubtypeName,0.25
android.view.SurfaceView->getWidth,0.25
android.appwidget.AppWidgetProvider->onUpdate,0.25
android.view.KeyEvent->getKeyCode,0.25
android.app.AlertDialog->setTitle,0.25
android.widget.ToggleButton->setText,0.25
android.appwidget.AppWidgetProvider->onEnabled,0.25
android.widget.ScrollView->getVisibility,0.20833333333333334
android.database.sqlite.SQLiteDatabase->rawQuery,0.20833333333333334
java.io.FileWriter-><init>,0.20833333333333334
android.view.GestureDetector->onTouchEvent,0.20833333333333334
android.widget.ToggleButton->setCompoundDrawablesWithIntrinsicBounds,0.20833333333333334
android.view.SurfaceView->setOnTouchListener,0.20833333333333334
android.view.View->setBackgroundColor,0.20833333333333334
android.content.ContextWrapper->sendBroadcast,0.20833333333333334
android.content.ContentProvider->getContext,0.20833333333333334
android.widget.RadioGroup->check,0.20833333333333334
android.os.Handler->removeMessages,0.20833333333333334
android.widget.RelativeLayout->getWidth,0.20833333333333334
android.content.res.Resources->getText,0.20833333333333334
android.widget.TabHost->addTab,0.20833333333333334
android.graphics.drawable.Drawable->draw,0.20833333333333334
android.graphics.Canvas->clipRect,0.20833333333333334
android.media.AudioManager->getStreamMaxVolume,0.20833333333333334
android.view.GestureDetector-><init>,0.20833333333333334
android.database.sqlite.SQLiteDatabase->execSQL,0.20833333333333334
android.widget.TabHost->newTabSpec,0.20833333333333334
android.content.ComponentName->getClassName,0.20833333333333334
android.widget.RelativeLayout->setFocusable,0.20833333333333334
android.media.MediaPlayer->release,0.20833333333333334
android.view.Window->addFlags,0.20833333333333334
android.view.SubMenu->add,0.20833333333333334
android.content.ContentResolver->delete,0.20833333333333334
android.view.View->setBackgroundDrawable,0.20833333333333334
android.view.View->setOnClickListener,0.20833333333333334
android.widget.TableRow->getChildAt,0.20833333333333334
android.widget.Button->setClickable,0.20833333333333334
android.app.Activity->onCreateDialog,0.20833333333333334
android.os.Bundle-><init>,0.20833333333333334
java.lang.reflect.Field->get,0.20833333333333334
android.media.MediaPlayer->setDataSource,0.20833333333333334
java.io.InputStream->available,0.20833333333333334
android.graphics.drawable.Drawable->setBounds,0.20833333333333334
android.content.Context->getFilesDir,0.20833333333333334
android.app.ProgressDialog->setMessage,0.20833333333333334
android.widget.RadioButton->setChecked,0.20833333333333334
java.io.FileNotFoundException->printStackTrace,0.20833333333333334
android.view.View->getContext,0.20833333333333334
android.widget.ListView->invalidateViews,0.20833333333333334
android.app.Dialog->dismiss,0.20833333333333334
android.media.MediaPlayer->reset,0.20833333333333334
android.widget.Spinner->setVisibility,0.20833333333333334
android.os.Build-><init>,0.20833333333333334
java.io.FileOutputStream->flush,0.20833333333333334
android.graphics.LinearGradient-><init>,0.20833333333333334
android.app.AlertDialog->findViewById,0.20833333333333334
android.widget.RelativeLayout->setHorizontalScrollBarEnabled,0.20833333333333334
android.widget.ProgressBar->setMax,0.20833333333333334
android.widget.RelativeLayout->setVerticalScrollBarEnabled,0.20833333333333334
android.widget.TextView->setMinHeight,0.20833333333333334
android.widget.ScrollView->setVisibility,0.20833333333333334
android.widget.GridView->setAdapter,0.20833333333333334
android.location.LocationManager->getLastKnownLocation,0.20833333333333334
android.widget.RelativeLayout->setClickable,0.20833333333333334
java.io.BufferedInputStream-><init>,0.16666666666666666
java.io.ByteArrayInputStream->close,0.16666666666666666
android.app.Activity->startManagingCursor,0.16666666666666666
android.widget.ToggleButton->setVisibility,0.16666666666666666
android.appwidget.AppWidgetManager->getInstance,0.16666666666666666
android.view.SurfaceHolder->lockCanvas,0.16666666666666666
android.widget.RemoteViews->setImageViewBitmap,0.16666666666666666
java.io.ByteArrayOutputStream->reset,0.16666666666666666
android.appwidget.AppWidgetManager->getAppWidgetIds,0.16666666666666666
android.graphics.Point-><init>,0.16666666666666666
android.graphics.Rect->offset,0.16666666666666666
android.widget.RadioButton->isChecked,0.16666666666666666
android.preference.CheckBoxPreference->setSummary,0.16666666666666666
android.widget.ImageView->getId,0.16666666666666666
android.widget.ImageView->setAdjustViewBounds,0.16666666666666666
android.preference.PreferenceActivity-><init>,0.16666666666666666
android.location.Criteria->setAccuracy,0.16666666666666666
android.view.ContextThemeWrapper->unregisterReceiver,0.16666666666666666
android.location.LocationManager->getBestProvider,0.16666666666666666
android.os.Message->obtain,0.16666666666666666
android.graphics.Matrix-><init>,0.16666666666666666
android.app.TabActivity->startActivityForResult,0.16666666666666666
android.media.MediaPlayer->seekTo,0.16666666666666666
android.app.Activity->dispatchKeyEvent,0.16666666666666666
android.widget.ViewFlipper->setDisplayedChild,0.16666666666666666
android.media.MediaPlayer->setOnCompletionListener,0.16666666666666666
java.io.BufferedWriter->close,0.16666666666666666
android.widget.FrameLayout->setFocusable,0.16666666666666666
android.widget.TimePicker->setCurrentMinute,0.16666666666666666
android.widget.RelativeLayout->setEnabled,0.16666666666666666
android.net.NetworkInfo->isAvailable,0.16666666666666666
android.webkit.WebSettings->setUseWideViewPort,0.16666666666666666
android.app.Activity->onPrepareDialog,0.16666666666666666
android.preference.PreferenceActivity->setContentView,0.16666666666666666
android.content.Intent->getData,0.16666666666666666
android.widget.Spinner->getSelectedItemPosition,0.16666666666666666
android.app.Activity->getPreferences,0.16666666666666666
android.graphics.PointF->set,0.16666666666666666
android.app.ProgressDialog->setIndeterminate,0.16666666666666666
android.view.View->onDraw,0.16666666666666666
android.database.Cursor->getBlob,0.16666666666666666
android.app.AlertDialog->setOnDismissListener,0.16666666666666666
android.widget.ToggleButton->setOnClickListener,0.16666666666666666
org.apache.http.client.methods.HttpGet->removeHeaders,0.16666666666666666
android.widget.ImageView->setImageDrawable,0.16666666666666666
android.view.ContextThemeWrapper->sendBroadcast,0.16666666666666666
android.widget.AbsoluteLayout->setVisibility,0.16666666666666666
android.view.ContextMenu->add,0.16666666666666666
android.widget.SimpleAdapter-><init>,0.16666666666666666
java.io.DataInputStream->read,0.16666666666666666
android.widget.TimePicker->setCurrentHour,0.16666666666666666
android.preference.PreferenceActivity->onCreate,0.16666666666666666
android.widget.ListView->setBackgroundColor,0.16666666666666666
android.widget.ProgressBar->setProgressDrawable,0.16666666666666666
android.widget.ImageView->setScaleType,0.16666666666666666
android.webkit.WebView->getUrl,0.16666666666666666
android.view.ContextThemeWrapper->getFileStreamPath,0.16666666666666666
android.view.View->postInvalidate,0.16666666666666666
android.widget.ProgressBar->setIndeterminateDrawable,0.16666666666666666
android.widget.EditText->setEnabled,0.16666666666666666
org.apache.http.entity.StringEntity-><init>,0.16666666666666666
android.content.UriMatcher->match,0.16666666666666666
android.app.Activity->onPrepareOptionsMenu,0.16666666666666666
android.graphics.Path->lineTo,0.16666666666666666
android.location.Criteria-><init>,0.125
android.widget.TableRow->setBackgroundColor,0.125
android.media.AudioManager->isSpeakerphoneOn,0.125
android.view.ContextThemeWrapper->bindService,0.125
android.net.Uri->getPath,0.125
android.widget.RelativeLayout->getChildCount,0.125
android.app.AlarmManager->setRepeating,0.125
android.widget.RelativeLayout->getHeight,0.125
android.app.AlertDialog->setMessage,0.125
android.widget.AbsoluteLayout->setFocusableInTouchMode,0.125
android.view.ContextThemeWrapper->registerReceiver,0.125
android.media.AudioManager->setSpeakerphoneOn,0.125
android.graphics.Matrix->postRotate,0.125
android.webkit.WebView->setHttpAuthUsernamePassword,0.125
android.graphics.Paint->setShader,0.125
android.view.SurfaceHolder->setFixedSize,0.125
android.app.Activity->onStart,0.125
android.app.Activity->onSaveInstanceState,0.125
android.widget.TableLayout->getChildCount,0.125
android.widget.RelativeLayout->getChildAt,0.125
android.widget.RelativeLayout->postInvalidate,0.125
android.view.View->setOnTouchListener,0.125
android.preference.PreferenceActivity->addPreferencesFromResource,0.125
android.preference.CheckBoxPreference->setOnPreferenceChangeListener,0.125
android.widget.AbsoluteLayout->requestFocus,0.125
android.preference.CheckBoxPreference->setChecked,0.125
java.lang.reflect.Field->getName,0.125
java.io.StringReader-><init>,0.125
java.io.IOException->toString,0.125
android.widget.BaseAdapter->notifyDataSetChanged,0.125
android.webkit.WebView->clearCache,0.125
android.widget.RelativeLayout->getMeasuredWidth,0.125
android.util.AttributeSet->getAttributeBooleanValue,0.125
android.database.Cursor->getColumnIndexOrThrow,0.125
android.graphics.drawable.Drawable->setAlpha,0.125
java.lang.reflect.Field->setAccessible,0.125
android.database.sqlite.SQLiteDatabase->update,0.125
android.app.AlertDialog->setCancelable,0.125
android.media.SoundPool-><init>,0.125
android.media.AudioManager->setRouting,0.125
android.widget.ImageButton-><init>,0.125
android.hardware.SensorManager->unregisterListener,0.125
android.webkit.WebView->clearHistory,0.125
android.content.ContextWrapper->registerReceiver,0.125
android.app.Dialog->findViewById,0.125
android.webkit.WebSettings->setSaveFormData,0.125
android.widget.GridView->invalidateViews,0.125
android.webkit.WebSettings->setPluginsEnabled,0.125
android.view.View->setFocusable,0.125
java.io.ByteArrayOutputStream->flush,0.125
android.webkit.WebView->loadDataWithBaseURL,0.125
android.os.Handler->sendMessageDelayed,0.125
android.widget.RelativeLayout->startAnimation,0.125
java.lang.reflect.Field->getInt,0.125
android.location.Criteria->setCostAllowed,0.125
android.util.AttributeSet->getAttributeIntValue,0.125
java.io.FileWriter->write,0.125
android.content.pm.PackageManager->getApplicationLabel,0.125
android.widget.TabHost->getCurrentTab,0.125
android.app.ProgressDialog->setProgress,0.125
android.app.Dialog-><init>,0.125
android.widget.RelativeLayout->setMeasuredDimension,0.125
android.os.Process->killProcess,0.125
android.widget.EditText->setOnFocusChangeListener,0.125
android.app.Dialog->setContentView,0.125
android.widget.AbsoluteLayout->setEnabled,0.125
android.widget.FrameLayout->setBackgroundColor,0.125
android.widget.RelativeLayout->onAttachedToWindow,0.125
android.widget.RelativeLayout->onDetachedFromWindow,0.125
android.app.Service->onStart,0.125
android.widget.AbsoluteLayout->setHorizontalScrollBarEnabled,0.125
android.app.Dialog->setTitle,0.125
android.content.Intent->putExtras,0.125
android.database.sqlite.SQLiteDatabase->delete,0.125
android.widget.EditText->clearFocus,0.125
android.graphics.Matrix->setRotate,0.125
android.app.ProgressDialog-><init>,0.125
android.widget.ImageButton->setBackgroundColor,0.125
android.os.Process->myPid,0.125
android.media.MediaPlayer->pause,0.125
android.view.animation.Animation->setRepeatCount,0.125
java.lang.reflect.Field->getModifiers,0.125
android.widget.RelativeLayout->setDescendantFocusability,0.125
android.view.animation.AccelerateInterpolator-><init>,0.125
android.widget.RemoteViews->setImageViewResource,0.125
android.widget.EditText->setFocusable,0.125
java.lang.reflect.Field->getDeclaringClass,0.125
android.graphics.Rect->contains,0.125
android.media.MediaPlayer->prepare,0.125
android.preference.PreferenceActivity->showDialog,0.125
android.content.ContentResolver->notifyChange,0.125
android.app.PendingIntent->getService,0.125
java.lang.reflect.Field->set,0.125
android.widget.ProgressBar->setMinimumHeight,0.125
android.app.Activity->onOptionsItemSelected,0.125
android.widget.ProgressBar->setProgress,0.125
android.widget.AbsoluteLayout->addView,0.125
android.preference.EditTextPreference->setSummary,0.125
android.media.MediaPlayer-><init>,0.125
android.widget.ImageButton->setClickable,0.125
java.io.FileInputStream->close,0.125
android.widget.AbsoluteLayout->setOnTouchListener,0.125
android.widget.TextView->setSingleLine,0.125
java.io.FileWriter->close,0.125
android.graphics.Paint->setTextSize,0.125
android.widget.ScrollView->smoothScrollTo,0.125
android.webkit.WebSettings->setLightTouchEnabled,0.125
android.widget.ProgressBar->setPadding,0.125
android.view.animation.Animation->setRepeatMode,0.125
android.widget.TextView->setMaxHeight,0.125
android.media.MediaPlayer->create,0.125
android.hardware.SensorManager->registerListener,0.08333333333333333
android.os.StatFs->getBlockSize,0.08333333333333333
android.util.Xml->newSerializer,0.08333333333333333
android.media.MediaPlayer->setOnPreparedListener,0.08333333333333333
android.app.Activity->onTouchEvent,0.08333333333333333
android.preference.Preference->getSharedPreferences,0.08333333333333333
android.content.res.Resources->getStringArray,0.08333333333333333
android.widget.TableRow->setVisibility,0.08333333333333333
android.widget.ListView->setLayoutParams,0.08333333333333333
android.app.TabActivity->onCreate,0.08333333333333333
java.io.BufferedWriter-><init>,0.08333333333333333
android.widget.ListView->setOnScrollListener,0.08333333333333333
android.content.ContextWrapper->getResources,0.08333333333333333
android.widget.ScrollView->getMeasuredWidth,0.08333333333333333
android.graphics.Canvas->drawPath,0.08333333333333333
android.content.ActivityNotFoundException->getMessage,0.08333333333333333
android.widget.GridView->setVisibility,0.08333333333333333
android.location.Criteria->setPowerRequirement,0.08333333333333333
android.widget.ImageButton->setBackgroundResource,0.08333333333333333
android.widget.CheckedTextView->setText,0.08333333333333333
android.app.Activity->onActivityResult,0.08333333333333333
android.net.Uri->withAppendedPath,0.08333333333333333
android.content.ContextWrapper->unregisterReceiver,0.08333333333333333
android.content.UriMatcher->addURI,0.08333333333333333
android.app.AlertDialog->getButton,0.08333333333333333
java.io.StringWriter->toString,0.08333333333333333
android.preference.PreferenceScreen->addPreference,0.08333333333333333
android.preference.CheckBoxPreference->setTitle,0.08333333333333333
android.widget.ImageButton->setFocusable,0.08333333333333333
java.io.StringWriter-><init>,0.08333333333333333
android.util.Xml->newPullParser,0.08333333333333333
android.preference.CheckBoxPreference->setKey,0.08333333333333333
android.widget.FrameLayout->getContext,0.08333333333333333
java.io.ObjectInputStream->readObject,0.08333333333333333
android.preference.EditTextPreference->setOnPreferenceChangeListener,0.08333333333333333
android.content.Context->getCacheDir,0.08333333333333333
android.preference.Preference->setSummary,0.08333333333333333
android.graphics.Canvas->getClipBounds,0.08333333333333333
android.content.ContentResolver->insert,0.08333333333333333
android.widget.RadioButton-><init>,0.08333333333333333
android.content.ComponentName->unflattenFromString,0.08333333333333333
android.graphics.PointF-><init>,0.08333333333333333
android.database.sqlite.SQLiteQueryBuilder->setTables,0.08333333333333333
android.view.animation.Animation->setFillAfter,0.08333333333333333
android.view.View->setFocusableInTouchMode,0.08333333333333333
org.apache.http.params.HttpParams->setIntParameter,0.08333333333333333
java.io.ObjectOutputStream->flush,0.08333333333333333
android.app.PendingIntent->send,0.08333333333333333
android.view.SurfaceView->setEnabled,0.08333333333333333
android.app.ProgressDialog->setTitle,0.08333333333333333
android.widget.ListView->addFooterView,0.08333333333333333
java.io.InputStream->skip,0.08333333333333333
org.apache.http.conn.ClientConnectionManager->shutdown,0.08333333333333333
android.app.Activity->onRestart,0.08333333333333333
android.graphics.Rect->width,0.08333333333333333
android.widget.ImageButton->setFocusableInTouchMode,0.08333333333333333
android.preference.PreferenceActivity->startService,0.08333333333333333
android.graphics.drawable.AnimationDrawable->getDuration,0.08333333333333333
android.app.TabActivity-><init>,0.08333333333333333
android.telephony.TelephonyManager->getSimCountryIso,0.08333333333333333
android.graphics.drawable.Drawable->getMinimumHeight,0.08333333333333333
org.apache.http.client.HttpClient->getConnectionManager,0.08333333333333333
android.net.Uri->getPathSegments,0.08333333333333333
android.app.Activity->setVolumeControlStream,0.08333333333333333
java.io.BufferedWriter->newLine,0.08333333333333333
android.view.SurfaceView->setFocusableInTouchMode,0.08333333333333333
android.widget.ImageButton->setOnTouchListener,0.08333333333333333
android.content.BroadcastReceiver->setResult,0.08333333333333333
android.graphics.drawable.AnimationDrawable->getFrame,0.08333333333333333
android.app.Activity->getLastNonConfigurationInstance,0.08333333333333333
org.apache.http.client.ClientProtocolException->printStackTrace,0.08333333333333333
android.os.Binder-><init>,0.08333333333333333
android.preference.EditTextPreference->setTitle,0.08333333333333333
android.widget.AbsListView->getCount,0.08333333333333333
android.view.ContextThemeWrapper->createPackageContext,0.08333333333333333
android.app.Activity->onContextItemSelected,0.08333333333333333
android.content.ContentValues->putNull,0.08333333333333333
android.preference.PreferenceActivity->getString,0.08333333333333333
android.widget.Button->getHeight,0.08333333333333333
android.widget.CheckBox->setOnCheckedChangeListener,0.08333333333333333
android.view.Menu->clear,0.08333333333333333
android.view.SurfaceView->setOnKeyListener,0.08333333333333333
android.preference.CheckBoxPreference-><init>,0.08333333333333333
android.graphics.Path->moveTo,0.08333333333333333
android.view.ContextMenu->setHeaderTitle,0.08333333333333333
android.content.pm.PackageManager->getApplicationIcon,0.08333333333333333
android.media.MediaPlayer->setAudioStreamType,0.08333333333333333
android.widget.GridView->setOnItemSelectedListener,0.08333333333333333
android.widget.EditText->setCursorVisible,0.08333333333333333
android.graphics.Path->close,0.08333333333333333
android.location.Criteria->setAltitudeRequired,0.08333333333333333
android.view.ContextThemeWrapper->unbindService,0.08333333333333333
android.widget.Button->setShadowLayer,0.08333333333333333
android.view.SurfaceView->isFocusable,0.08333333333333333
android.widget.TimePicker->setIs24HourView,0.08333333333333333
android.view.SurfaceView->requestFocus,0.08333333333333333
android.content.Context->deleteFile,0.08333333333333333
java.io.BufferedWriter->write,0.08333333333333333
android.widget.GridView->setSelection,0.08333333333333333
android.os.Bundle->putByteArray,0.08333333333333333
android.app.TabActivity->getTabHost,0.08333333333333333
android.view.SurfaceView->setOnLongClickListener,0.08333333333333333
android.graphics.Path-><init>,0.08333333333333333
android.graphics.drawable.AnimationDrawable->getNumberOfFrames,0.08333333333333333
android.app.TabActivity->getContentResolver,0.08333333333333333
android.database.SQLException->getMessage,0.08333333333333333
android.graphics.Matrix->reset,0.08333333333333333
android.widget.RadioButton->setId,0.08333333333333333
java.io.BufferedInputStream->close,0.08333333333333333
android.view.SurfaceView->setOnFocusChangeListener,0.08333333333333333
android.hardware.SensorManager->getSensorList,0.08333333333333333
android.widget.TimePicker->getCurrentHour,0.08333333333333333
android.widget.LinearLayout->setMinimumWidth,0.08333333333333333
java.io.ObjectInputStream-><init>,0.08333333333333333
android.widget.TextView->setEllipsize,0.08333333333333333
android.widget.TextView->startAnimation,0.08333333333333333
android.content.ContextWrapper->getBaseContext,0.08333333333333333
java.io.File->getParentFile,0.08333333333333333
android.widget.ToggleButton->setOnCheckedChangeListener,0.08333333333333333
android.graphics.BitmapFactory->decodeFile,0.08333333333333333
android.media.MediaPlayer->getDuration,0.08333333333333333
android.view.View->setId,0.08333333333333333
java.lang.ArrayIndexOutOfBoundsException-><init>,0.08333333333333333
org.apache.http.entity.ByteArrayEntity-><init>,0.08333333333333333
android.app.TabActivity->getResources,0.08333333333333333
android.widget.RadioGroup->setOnCheckedChangeListener,0.08333333333333333
android.widget.AbsListView->getLastVisiblePosition,0.08333333333333333
android.preference.PreferenceActivity->bindService,0.08333333333333333
android.app.TabActivity->getSharedPreferences,0.08333333333333333
android.view.animation.Animation-><init>,0.08333333333333333
android.graphics.Bitmap->getPixels,0.08333333333333333
android.os.Bundle->containsKey,0.08333333333333333
android.app.TabActivity->unregisterReceiver,0.08333333333333333
android.location.Criteria->setBearingRequired,0.08333333333333333
android.widget.RadioGroup->addView,0.08333333333333333
org.apache.http.util.EntityUtils->toByteArray,0.08333333333333333
android.net.wifi.WifiInfo->getIpAddress,0.08333333333333333
android.os.StatFs-><init>,0.08333333333333333
android.widget.TimePicker->getCurrentMinute,0.08333333333333333
android.view.animation.Animation->setInterpolator,0.08333333333333333
java.io.File->isFile,0.08333333333333333
android.view.SurfaceView->setOnCreateContextMenuListener,0.08333333333333333
android.view.SurfaceView->onDraw,0.08333333333333333
android.telephony.TelephonyManager->getNetworkType,0.08333333333333333
android.app.ActivityManager->getRunningAppProcesses,0.08333333333333333
android.os.StatFs->getAvailableBlocks,0.08333333333333333
android.widget.ScrollView->setLayoutParams,0.08333333333333333
android.view.ContextThemeWrapper->getApplicationInfo,0.08333333333333333
android.media.MediaPlayer->setOnErrorListener,0.08333333333333333
android.widget.EditText->addTextChangedListener,0.08333333333333333
android.telephony.TelephonyManager->getSimOperator,0.08333333333333333
android.widget.CheckBox->setText,0.08333333333333333
android.widget.GridView->setColumnWidth,0.08333333333333333
android.app.TabActivity->startActivity,0.08333333333333333
android.content.res.Resources->getXml,0.08333333333333333
android.media.MediaPlayer->setLooping,0.08333333333333333
android.app.Activity->onMenuItemSelected,0.08333333333333333
android.app.TabActivity->finish,0.08333333333333333
android.app.Activity->onBackPressed,0.08333333333333333
android.widget.Toast->cancel,0.08333333333333333
android.widget.RadioGroup->getCheckedRadioButtonId,0.08333333333333333
android.view.SurfaceView->setOnClickListener,0.08333333333333333
java.io.FileInputStream->read,0.08333333333333333
android.widget.Button->setWidth,0.08333333333333333
android.content.pm.ResolveInfo->loadLabel,0.08333333333333333
android.graphics.Canvas->drawARGB,0.08333333333333333
android.graphics.Matrix->postScale,0.08333333333333333
android.widget.ListView->setCacheColorHint,0.08333333333333333
android.app.AlarmManager->cancel,0.08333333333333333
android.view.SurfaceHolder->setSizeFromLayout,0.08333333333333333
android.preference.EditTextPreference-><init>,0.08333333333333333
android.telephony.TelephonyManager->getCellLocation,0.08333333333333333
android.preference.PreferenceCategory->addPreference,0.08333333333333333
android.widget.ListView->setOnCreateContextMenuListener,0.08333333333333333
android.content.Intent->getIntArrayExtra,0.08333333333333333
android.view.SurfaceView->setFocusable,0.08333333333333333
android.widget.TextView->setBackgroundColor,0.08333333333333333
java.security.NoSuchAlgorithmException->printStackTrace,0.08333333333333333
android.preference.EditTextPreference->setEnabled,0.041666666666666664
android.widget.EditText->getContext,0.041666666666666664
android.location.LocationManager->isProviderEnabled,0.041666666666666664
android.content.res.AssetFileDescriptor->getStartOffset,0.041666666666666664
android.widget.ListView->setOnItemLongClickListener,0.041666666666666664
android.app.AlertDialog->cancel,0.041666666666666664
android.app.AlertDialog->setView,0.041666666666666664
java.io.Reader->close,0.041666666666666664
android.graphics.RadialGradient-><init>,0.041666666666666664
android.content.UriMatcher-><init>,0.041666666666666664
java.net.URLConnection->getInputStream,0.041666666666666664
java.io.Writer->close,0.041666666666666664
android.preference.ListPreference->setSummary,0.041666666666666664
android.preference.PreferenceActivity->onPause,0.041666666666666664
android.hardware.Sensor->getName,0.041666666666666664
java.io.File->lastModified,0.041666666666666664
java.security.Signature->update,0.041666666666666664
android.content.ContentProvider-><init>,0.041666666666666664
android.text.SpannableString-><init>,0.041666666666666664
android.view.View->setEnabled,0.041666666666666664
android.preference.PreferenceCategory->removeAll,0.041666666666666664
android.widget.ScrollView->addView,0.041666666666666664
android.preference.EditTextPreference->setPersistent,0.041666666666666664
java.io.InputStream->reset,0.041666666666666664
android.content.Intent->getDoubleExtra,0.041666666666666664
android.os.Bundle->putBoolean,0.041666666666666664
android.net.wifi.WifiManager->createWifiLock,0.041666666666666664
android.app.TabActivity->onDestroy,0.041666666666666664
android.preference.CheckBoxPreference->setSummaryOff,0.041666666666666664
android.preference.PreferenceActivity->finish,0.041666666666666664
android.content.ActivityNotFoundException->printStackTrace,0.041666666666666664
android.widget.ToggleButton->isChecked,0.041666666666666664
java.security.Signature->getInstance,0.041666666666666664
android.os.Bundle->getSerializable,0.041666666666666664
java.io.ObjectOutputStream->writeObject,0.041666666666666664
java.security.Signature->initSign,0.041666666666666664
android.widget.EditText->setTextSize,0.041666666666666664
org.apache.http.params.HttpProtocolParams->setUseExpectContinue,0.041666666666666664
android.widget.TextView->setHorizontallyScrolling,0.041666666666666664
android.app.Activity->getRequestedOrientation,0.041666666666666664
android.view.SurfaceView->setLongClickable,0.041666666666666664
android.widget.EditText->onKeyUp,0.041666666666666664
android.preference.CheckBoxPreference->setDefaultValue,0.041666666666666664
android.preference.PreferenceActivity->getSystemService,0.041666666666666664
java.security.spec.PKCS8EncodedKeySpec-><init>,0.041666666666666664
java.io.File->createTempFile,0.041666666666666664
android.app.ActivityManager->restartPackage,0.041666666666666664
android.widget.Spinner-><init>,0.041666666666666664
java.io.LineNumberReader->mark,0.041666666666666664
android.widget.TableRow-><init>,0.041666666666666664
android.preference.CheckBoxPreference->setSummaryOn,0.041666666666666664
android.widget.FrameLayout->setClickable,0.041666666666666664
android.content.Intent->getSerializableExtra,0.041666666666666664
android.database.Cursor->getDouble,0.041666666666666664
android.widget.LinearLayout->setOnClickListener,0.041666666666666664
android.graphics.BitmapShader-><init>,0.041666666666666664
android.widget.TextView->setHorizontalScrollBarEnabled,0.041666666666666664
android.telephony.gsm.GsmCellLocation->getCid,0.041666666666666664
android.hardware.Sensor->getType,0.041666666666666664
android.widget.FrameLayout->removeView,0.041666666666666664
android.location.Address->getPostalCode,0.041666666666666664
android.widget.SeekBar->setOnSeekBarChangeListener,0.041666666666666664
android.view.animation.AlphaAnimation->setInterpolator,0.041666666666666664
javax.crypto.spec.IvParameterSpec-><init>,0.041666666666666664
android.widget.ScrollView->fullScroll,0.041666666666666664
android.graphics.Camera-><init>,0.041666666666666664
android.view.View->draw,0.041666666666666664
android.view.SurfaceView->getResources,0.041666666666666664
java.lang.ClassNotFoundException->printStackTrace,0.041666666666666664
android.app.Activity->getLayoutInflater,0.041666666666666664
android.text.SpannableString->setSpan,0.041666666666666664
android.content.res.AssetFileDescriptor->getFileDescriptor,0.041666666666666664
android.location.Geocoder-><init>,0.041666666666666664
android.widget.TextView->setMovementMethod,0.041666666666666664
java.net.URLConnection->setReadTimeout,0.041666666666666664
android.content.res.Resources->getAssets,0.041666666666666664
android.widget.EditText->setInputType,0.041666666666666664
android.view.View->setMeasuredDimension,0.041666666666666664
android.widget.TableRow->addView,0.041666666666666664
android.widget.Button->setOnTouchListener,0.041666666666666664
android.media.SoundPool->release,0.041666666666666664
android.app.Service->onUnbind,0.041666666666666664
android.graphics.Typeface->create,0.041666666666666664
java.security.KeyFactory->generatePrivate,0.041666666666666664
java.net.URLConnection->setConnectTimeout,0.041666666666666664
android.widget.ListView->clearChoices,0.041666666666666664
android.preference.PreferenceActivity->unbindService,0.041666666666666664
android.widget.TextView->setTextAppearance,0.041666666666666664
android.widget.Gallery-><init>,0.041666666666666664
java.net.URLConnection->setRequestProperty,0.041666666666666664
android.telephony.cdma.CdmaCellLocation->getBaseStationId,0.041666666666666664
android.content.ContentUris->withAppendedId,0.041666666666666664
android.media.MediaPlayer->getCurrentPosition,0.041666666666666664
android.os.Message->sendToTarget,0.041666666666666664
android.view.View->onTouchEvent,0.041666666666666664
android.widget.ImageButton->requestFocusFromTouch,0.041666666666666664
android.preference.PreferenceActivity->onPrepareOptionsMenu,0.041666666666666664
android.view.animation.AlphaAnimation->startNow,0.041666666666666664
android.database.Cursor->isAfterLast,0.041666666666666664
android.database.Cursor->setNotificationUri,0.041666666666666664
android.widget.RadioButton->setOnCheckedChangeListener,0.041666666666666664
android.graphics.Paint->setFilterBitmap,0.041666666666666664
java.net.URLConnection->setUseCaches,0.041666666666666664
android.widget.TableLayout->removeViewAt,0.041666666666666664
android.widget.SeekBar->setProgress,0.041666666666666664
android.widget.ImageView->setOnLongClickListener,0.041666666666666664
android.widget.ImageView->setDrawingCacheEnabled,0.041666666666666664
android.app.TabActivity->requestWindowFeature,0.041666666666666664
android.view.Window->setFormat,0.041666666666666664
android.widget.AutoCompleteTextView->setOnItemClickListener,0.041666666666666664
android.preference.EditTextPreference->setKey,0.041666666666666664
android.graphics.Typeface->createFromAsset,0.041666666666666664
android.preference.PreferenceActivity->onOptionsItemSelected,0.041666666666666664
java.lang.reflect.Method->invoke,0.041666666666666664
android.preference.PreferenceScreen->getRootAdapter,0.041666666666666664
android.view.animation.AlphaAnimation->setFillAfter,0.041666666666666664
android.content.res.ColorStateList->getDefaultColor,0.041666666666666664
android.widget.RelativeLayout->setBackgroundResource,0.041666666666666664
android.widget.EditText->setFocusableInTouchMode,0.041666666666666664
android.graphics.Paint->setDither,0.041666666666666664
android.preference.PreferenceActivity->startActivity,0.041666666666666664
android.widget.ScrollView->getVerticalScrollbarWidth,0.041666666666666664
android.widget.ImageView->setBackgroundColor,0.041666666666666664
android.widget.FrameLayout->setDescendantFocusability,0.041666666666666664
android.app.Activity->managedQuery,0.041666666666666664
android.net.ConnectivityManager->getAllNetworkInfo,0.041666666666666664
android.preference.PreferenceActivity->onPrepareDialog,0.041666666666666664
android.accounts.AccountManager->get,0.041666666666666664
android.view.ViewGroup->getChildAt,0.041666666666666664
android.widget.TextView->getTextSize,0.041666666666666664
org.apache.http.impl.client.DefaultHttpClient->addResponseInterceptor,0.041666666666666664
android.net.Uri->toString,0.041666666666666664
android.app.Activity->onWindowFocusChanged,0.041666666666666664
java.io.LineNumberReader->reset,0.041666666666666664
android.telephony.cdma.CdmaCellLocation->getNetworkId,0.041666666666666664
android.net.wifi.ScanResult->toString,0.041666666666666664
android.graphics.RectF->set,0.041666666666666664
android.content.Intent->toString,0.041666666666666664
android.view.inputmethod.InputMethodManager->hideSoftInputFromWindow,0.041666666666666664
android.preference.PreferenceActivity->onActivityResult,0.041666666666666664
android.widget.EditText->setOnClickListener,0.041666666666666664
android.preference.PreferenceActivity->setPreferenceScreen,0.041666666666666664
java.io.FileWriter->flush,0.041666666666666664
android.widget.TextView->getTextColors,0.041666666666666664
android.preference.PreferenceActivity->onDestroy,0.041666666666666664
java.io.PrintWriter->println,0.041666666666666664
android.net.wifi.WifiManager->getScanResults,0.041666666666666664
android.content.res.AssetFileDescriptor->getLength,0.041666666666666664
org.apache.http.entity.InputStreamEntity-><init>,0.041666666666666664
org.apache.http.impl.client.DefaultHttpClient->addRequestInterceptor,0.041666666666666664
android.accounts.AccountManager->getAccountsByType,0.041666666666666664
android.view.SurfaceView->getContext,0.041666666666666664
android.preference.EditTextPreference->getSharedPreferences,0.041666666666666664
android.database.sqlite.SQLiteQueryBuilder->appendWhere,0.041666666666666664
java.security.Signature->sign,0.041666666666666664
android.text.style.UnderlineSpan-><init>,0.041666666666666664
android.widget.ListView->setId,0.041666666666666664
android.preference.PreferenceManager->findPreference,0.041666666666666664
android.widget.TabHost->setCurrentTab,0.041666666666666664
android.view.ViewGroup->getChildCount,0.041666666666666664
android.widget.Gallery->setAdapter,0.041666666666666664
android.graphics.RectF-><init>,0.041666666666666664
android.app.Activity->onUserLeaveHint,0.041666666666666664
android.widget.RelativeLayout->setPadding,0.041666666666666664
android.widget.ListView->setBackgroundResource,0.041666666666666664
android.webkit.WebView->loadData,0.041666666666666664
android.graphics.Color->rgb,0.041666666666666664
android.app.Activity->getTitle,0.041666666666666664
java.io.LineNumberReader->read,0.041666666666666664
android.view.Menu->addSubMenu,0.041666666666666664
android.widget.ImageButton->setEnabled,0.041666666666666664
org.apache.http.impl.client.DefaultHttpClient->getParams,0.041666666666666664
android.preference.ListPreference->getSharedPreferences,0.041666666666666664
android.preference.PreferenceActivity->findViewById,0.041666666666666664
java.io.File->list,0.041666666666666664
android.widget.LinearLayout->setId,0.041666666666666664
android.graphics.Rect->height,0.041666666666666664
android.net.NetworkInfo->isRoaming,0.041666666666666664
android.content.ContextWrapper->openFileOutput,0.041666666666666664
android.widget.Spinner->setLayoutParams,0.041666666666666664
android.content.ComponentName->toString,0.041666666666666664
android.widget.EditText->getWindowToken,0.041666666666666664
android.content.Context->getMainLooper,0.041666666666666664
android.app.AlertDialog->getListView,0.041666666666666664
android.widget.TextView->getBackground,0.041666666666666664
android.widget.Button->getBackground,0.041666666666666664
org.apache.http.client.ClientProtocolException->toString,0.041666666666666664
android.database.sqlite.SQLiteQueryBuilder->query,0.041666666666666664
android.widget.Button->setFocusableInTouchMode,0.041666666666666664
android.widget.FrameLayout->setOnClickListener,0.041666666666666664
android.os.HandlerThread->getLooper,0.041666666666666664
android.media.SoundPool->play,0.041666666666666664
java.io.PrintStream-><init>,0.041666666666666664
android.app.TabActivity->startService,0.041666666666666664
java.io.PrintStream->flush,0.041666666666666664
org.apache.http.message.BasicHttpResponse->getStatusLine,0.041666666666666664
android.widget.TextView->setWidth,0.041666666666666664
android.hardware.SensorManager->getDefaultSensor,0.041666666666666664
java.io.FileReader->close,0.041666666666666664
android.widget.Gallery->setLayoutParams,0.041666666666666664
android.media.MediaPlayer->setOnBufferingUpdateListener,0.041666666666666664
android.text.SpannableString->length,0.041666666666666664
android.preference.PreferenceActivity->runOnUiThread,0.041666666666666664
android.app.AlarmManager->setInexactRepeating,0.041666666666666664
android.net.wifi.WifiManager->getWifiState,0.041666666666666664
android.widget.TabHost->getTabContentView,0.041666666666666664
android.content.res.Configuration-><init>,0.041666666666666664
android.location.Address->getCountryCode,0.041666666666666664
android.preference.PreferenceActivity->onStart,0.041666666666666664
android.preference.PreferenceActivity->getResources,0.041666666666666664
android.view.Display->getOrientation,0.041666666666666664
android.media.AudioManager->getMode,0.041666666666666664
android.content.ContextWrapper->startService,0.041666666666666664
android.location.LocationManager->removeUpdates,0.041666666666666664
android.app.TabActivity->onStart,0.041666666666666664
android.widget.RadioGroup-><init>,0.041666666666666664
android.preference.PreferenceActivity->onResume,0.041666666666666664
java.io.ObjectOutputStream-><init>,0.041666666666666664
android.widget.ImageView->getContext,0.041666666666666664
android.view.View->getParent,0.041666666666666664
android.widget.LinearLayout->setBackgroundDrawable,0.041666666666666664
java.security.KeyFactory->getInstance,0.041666666666666664
android.location.LocationManager->requestLocationUpdates,0.041666666666666664
java.io.ObjectInputStream->close,0.041666666666666664
android.widget.TextView->setMarqueeRepeatLimit,0.041666666666666664
android.widget.EditText-><init>,0.041666666666666664
android.app.ProgressDialog->setMax,0.041666666666666664
android.preference.Preference->shouldDisableDependents,0.041666666666666664
android.database.sqlite.SQLiteQueryBuilder-><init>,0.041666666666666664
android.preference.CheckBoxPreference->getSharedPreferences,0.041666666666666664
android.preference.CheckBoxPreference->getSummary,0.041666666666666664
android.net.NetworkInfo->getSubtype,0.041666666666666664
android.widget.AutoCompleteTextView->setAdapter,0.041666666666666664
android.preference.PreferenceCategory->getPreferenceCount,0.041666666666666664
android.graphics.Paint->setARGB,0.041666666666666664
android.widget.GridView->setSelector,0.041666666666666664
android.widget.TextView->setHeight,0.041666666666666664
android.os.HandlerThread->start,0.041666666666666664
android.view.Window->getDecorView,0.041666666666666664
android.graphics.Canvas->drawRGB,0.041666666666666664
android.view.SurfaceHolder->setType,0.041666666666666664
android.preference.PreferenceActivity->getMenuInflater,0.041666666666666664
android.app.ProgressDialog->setProgressStyle,0.041666666666666664
android.widget.SimpleAdapter->setViewBinder,0.041666666666666664
android.preference.CheckBoxPreference->getDependency,0.041666666666666664
android.widget.TextView->setLineSpacing,0.041666666666666664
android.widget.TextView->setAnimation,0.041666666666666664
android.widget.CheckBox->setEnabled,0.041666666666666664
android.app.Application->onCreate,0.041666666666666664
android.widget.ImageView->setTag,0.041666666666666664
android.widget.Gallery->setStaticTransformationsEnabled,0.041666666666666664
android.view.animation.Animation->startNow,0.041666666666666664
android.text.Html->fromHtml,0.041666666666666664
android.view.View->isEnabled,0.041666666666666664
android.telephony.gsm.GsmCellLocation->getLac,0.041666666666666664
android.os.Bundle->getStringArray,0.041666666666666664
android.os.HandlerThread-><init>,0.041666666666666664
java.io.PrintWriter->flush,0.041666666666666664
android.widget.ScrollView-><init>,0.041666666666666664
org.apache.http.client.ClientProtocolException->getMessage,0.041666666666666664
android.widget.ScrollView->setId,0.041666666666666664
android.preference.PreferenceActivity->getAssets,0.041666666666666664
android.os.Binder->attachInterface,0.041666666666666664
android.text.method.LinkMovementMethod->getInstance,0.041666666666666664
android.graphics.drawable.GradientDrawable-><init>,0.041666666666666664
android.widget.RelativeLayout->onWindowVisibilityChanged,0.041666666666666664
android.util.AttributeSet->getAttributeValue,0.041666666666666664
android.preference.PreferenceActivity->getPreferenceManager,0.041666666666666664
android.content.res.AssetManager->openFd,0.041666666666666664
android.widget.ImageView->isClickable,0.041666666666666664
java.security.NoSuchAlgorithmException->getMessage,0.041666666666666664
android.media.AudioManager->setMode,0.041666666666666664
android.widget.Button->requestFocus,0.041666666666666664
android.widget.TextView->setBackgroundDrawable,0.041666666666666664
java.io.PrintWriter-><init>,0.041666666666666664
android.widget.TableLayout->addView,0.041666666666666664
android.widget.Toast->setGravity,0.041666666666666664
android.preference.CheckBoxPreference->setEnabled,0.041666666666666664
android.app.TabActivity->onStop,0.041666666666666664
android.widget.RadioGroup->setOrientation,0.041666666666666664
android.content.Context->getDatabasePath,0.041666666666666664
android.widget.TimePicker->setEnabled,0.041666666666666664
android.preference.PreferenceActivity->stopService,0.041666666666666664
android.app.TabActivity->dispatchKeyEvent,0.041666666666666664
android.telephony.cdma.CdmaCellLocation->getSystemId,0.041666666666666664
android.preference.ListPreference->setOnPreferenceChangeListener,0.041666666666666664
android.location.Geocoder->getFromLocation,0.041666666666666664
android.widget.ImageView->setAnimation,0.041666666666666664
android.preference.PreferenceManager->createPreferenceScreen,0.041666666666666664
android.app.AlertDialog-><init>,0.041666666666666664
android.app.Service->onLowMemory,0.041666666666666664
java.net.URLConnection->connect,0.041666666666666664
android.content.Context->openFileInput,0.041666666666666664
android.widget.Button->setTypeface,0.041666666666666664
android.location.Address->getCountryName,0.041666666666666664
android.view.animation.AlphaAnimation->setRepeatCount,0.041666666666666664
android.widget.AutoCompleteTextView->setOnKeyListener,0.041666666666666664
android.media.MediaPlayer->setDisplay,0.041666666666666664
android.widget.Button->setPadding,0.041666666666666664
android.widget.RadioGroup->setLayoutParams,0.041666666666666664
android.preference.CheckBoxPreference->setPersistent,0.041666666666666664
android.app.TabActivity->registerReceiver,0.041666666666666664
android.widget.ImageButton->requestFocus,0.041666666666666664
android.preference.PreferenceScreen->bind,0.041666666666666664
android.preference.CheckBoxPreference->getPreferenceManager,0.041666666666666664
org.apache.http.message.BasicHttpResponse->getEntity,0.041666666666666664
android.app.TabActivity->addContentView,0.041666666666666664
android.app.Application-><init>,0.041666666666666664
android.os.Bundle->getIntArray,0.041666666666666664
android.widget.ImageView->getDrawable,0.041666666666666664
android.widget.ImageButton->setImageBitmap,0.041666666666666664
android.preference.PreferenceActivity->startActivityForResult,0.041666666666666664
