android.util.Log->v,9.029621083817498
android.content.Intent-><init>,6.162241286219929
android.content.Context->getString,4.7756757130924745
android.os.Parcel->readInt,4.762414800389484
android.content.SharedPreferences->getString,4.260868401500713
android.content.BroadcastReceiver-><init>,3.5979584396646005
android.widget.TextView->setText,3.1709474519721095
android.content.Context->getSharedPreferences,3.154750642602343
android.view.ContextThemeWrapper->getString,2.842928143906007
android.app.PendingIntent->getBroadcast,2.815414149711348
android.app.Activity->setTitle,2.7644785114699326
android.content.res.Resources->getString,2.7602735617013616
android.content.SharedPreferences->getBoolean,2.759194635827907
android.app.Activity->findViewById,2.5684841045330593
android.widget.Button->setText,2.487614503200321
android.widget.TextView->setVisibility,2.4853495895190054
android.content.Intent->putExtra,2.0818783831802006
android.widget.Button->getText,2.067845886191318
android.content.SharedPreferences->getInt,1.9579495793665809
android.text.method.ScrollingMovementMethod-><init>,1.8950257733148128
java.io.IOException->printStackTrace,1.833538073900423
android.os.Parcel->readString,1.7380720545277508
android.view.ContextThemeWrapper->getResources,1.6020664799235798
android.view.View->setOnClickListener,1.5864723554087043
android.os.Parcel->recycle,1.5736184626459988
android.content.res.XmlResourceParser->close,1.5463296676926768
android.content.ContextWrapper->getSharedPreferences,1.4887561895180828
android.app.Activity->setResult,1.4810735727767343
android.content.Intent->getAction,1.4575310225799158
java.io.UnsupportedEncodingException->printStackTrace,1.4031223321042747
android.content.Intent->addFlags,1.381209707564018
android.content.ContextWrapper->getResources,1.32183925019728
android.widget.TextView->setMovementMethod,1.2963354361158665
android.os.Parcel->writeInt,1.2911392405063291
android.util.Log->d,1.2504243252098552
android.view.View-><init>,1.2238388164118563
android.text.style.UnderlineSpan-><init>,1.2164275462973646
android.text.SpannableString-><init>,1.2164275462973646
android.app.PendingIntent-><clinit>,1.2105492923298429
android.telephony.SmsManager->getDefault,1.195675989976788
android.widget.Button->setOnClickListener,1.1817357877589445
android.app.Activity-><clinit>,1.1389848498133337
android.app.Activity->startActivityForResult,1.1351730757693923
android.view.ContextThemeWrapper->getApplicationContext,1.1258900676982144
android.content.IntentFilter-><init>,1.1002551950419248
android.view.View->setVisibility,1.046357817597844
android.app.Activity->getSystemService,1.0292269851451565
android.app.AlarmManager->set,1.0235019404975612
java.io.InputStreamReader-><init>,1.0181128488165503
android.view.View->getContext,1.0151474178230433
android.os.Parcel->obtain,1.0108141783227271
java.io.BufferedReader-><init>,1.0057905739350337
android.content.Intent->setAction,0.9861179434879116
android.content.Context->getContentResolver,0.8741431584193597
android.content.ContextWrapper->getSystemService,0.8614267848655035
android.text.SpannableString->setSpan,0.8528461400019381
java.io.BufferedReader->close,0.79867649298329
org.apache.http.HttpResponse->getStatusLine,0.7922666211345795
android.content.SharedPreferences->getLong,0.7904871779489333
org.apache.http.StatusLine->getStatusCode,0.7835032326243555
android.content.Intent->setClass,0.7362612311199509
android.content.Intent->getFlags,0.7256787126725335
android.view.ContextThemeWrapper->getSystemService,0.7232688962006858
android.widget.TextView->setOnClickListener,0.7024259680567798
org.apache.http.client.HttpClient->execute,0.6689875725090795
android.content.Context->sendBroadcast,0.6662999487764021
android.text.Html->fromHtml,0.6625094025297996
android.text.SpannableString->length,0.6599426849471843
android.widget.Toast->makeText,0.6590538863020716
android.widget.Toast->show,0.6590538863020716
android.content.res.XmlResourceParser->getName,0.6492577193039129
android.telephony.SmsMessage->getMessageBody,0.6359848082806868
android.app.Activity->onKeyDown,0.6224525489508392
android.text.SpannableStringBuilder->toString,0.619537880081404
android.text.AlteredCharSequence->toString,0.6029848128954254
android.view.MenuItem->getItemId,0.5999843098889233
android.text.method.LinkMovementMethod->getInstance,0.598690337198946
android.app.Activity->getMenuInflater,0.5834312427029447
android.app.Activity->onOptionsItemSelected,0.5834312427029447
android.view.MenuInflater->inflate,0.5834312427029447
android.app.ProgressDialog->setMessage,0.5824575328684753
android.app.ProgressDialog-><init>,0.5824575328684753
android.content.SharedPreferences->contains,0.5720743711265037
android.app.Activity->onActivityResult,0.5625781621342243
android.os.Parcel-><clinit>,0.5385132235333207
android.app.Activity->startActivity,0.530846296903049
android.view.View-><clinit>,0.5296981499513145
com.google.android.gcm.GCMRegistrar->getRegistrationId,0.5278587151644925
com.google.android.gcm.GCMRegistrar->register,0.5278587151644925
android.content.Intent->getStringExtra,0.5182563671855172
android.os.Parcel->writeInterfaceToken,0.5054070891613636
android.os.Binder->transact,0.5054070891613636
android.content.res.XmlResourceParser->getAttributeValue,0.5051818899200267
android.content.res.XmlResourceParser->next,0.5051818899200267
android.content.res.Resources->getXml,0.49886431284235594
android.app.Activity->onResume,0.49809734329501554
android.content.ContextWrapper->registerReceiver,0.49567460555522225
android.content.SharedPreferences->edit,0.495639533542227
android.os.Bundle->getString,0.49380471349395705
android.view.View->startAnimation,0.49252089322879417
android.app.PendingIntent->send,0.49107463416660135
android.os.Parcel->writeString,0.46545914341223
android.content.BroadcastReceiver->getResultCode,0.45796849979464416
android.content.Context->getSystemService,0.4536324914511969
android.view.animation.TranslateAnimation-><init>,0.447860376470371
java.io.IOException->getMessage,0.4456997558803306
android.net.NetworkInfo->isConnected,0.4410951697531576
android.content.Intent->setFlags,0.4322293340470796
android.text.TextUtils-><clinit>,0.4275619874755996
android.os.Bundle-><init>,0.42467223819434513
android.app.Dialog->show,0.4244553454824017
android.content.Context->startActivity,0.4181082340779983
android.widget.ListView->setAdapter,0.41074126545360573
android.net.Uri->access$300,0.4102161082063896
android.view.animation.Animation->setDuration,0.4095063614170939
android.widget.TextView->startAnimation,0.4056373646151077
android.os.Parcel->writeStrongBinder,0.4041154238406623
android.view.ViewGroup-><clinit>,0.39727361246348586
android.widget.ProgressBar->setProgress,0.3904041126549976
android.os.Parcel->readException,0.3875623566546837
android.telephony.TelephonyManager->getSimOperator,0.377919398976451
android.app.Notification->setLatestEventInfo,0.36211022764505274
android.widget.ListView->setOnItemClickListener,0.35523980488885404
android.app.Notification-><init>,0.34555716045907414
android.view.ContextThemeWrapper->startService,0.3450200048916229
android.content.res.AssetManager->open,0.34427518608933205
android.widget.ProgressBar->getProgress,0.3404791021564674
android.app.Service->onDestroy,0.33852799069668704
android.os.Binder->queryLocalInterface,0.3371361855494077
android.app.ProgressDialog->setCancelable,0.33647720088418387
android.view.ContextThemeWrapper->registerReceiver,0.33647720088418387
android.app.ProgressDialog->dismiss,0.33647720088418387
org.apache.http.client.methods.HttpGet-><init>,0.33641074864903525
android.telephony.SmsMessage->getOriginatingAddress,0.3349709502208153
android.content.Context->getText,0.3339824732229795
android.view.View->setEnabled,0.33043558517192206
android.app.Activity->onDestroy,0.3288582675348528
android.content.ContextWrapper->getContentResolver,0.3278771741187003
android.widget.LinearLayout->setVisibility,0.32687300700978783
android.os.Handler->obtainMessage,0.3242712174141774
android.view.ContextThemeWrapper->getBaseContext,0.3136517810583441
android.telephony.SmsMessage->createFromPdu,0.3113517953640336
android.util.Log->w,0.3097947825765931
android.util.Log->e,0.30145318117002085
android.content.Intent->getExtras,0.2991522725279999
android.text.TextUtils->access$000,0.29795520934761444
android.telephony.SmsMessage->getUserData,0.28963945047693324
android.content.Context->registerReceiver,0.2846564557884973
android.content.ContextWrapper->getPackageName,0.2814270617498166
android.os.Parcel->readLong,0.28140214216163584
android.content.Context->getAssets,0.2759198327618748
android.widget.Button->setEnabled,0.27294424934355344
android.os.PowerManager->newWakeLock,0.27065072428321574
com.google.android.gcm.GCMBaseIntentService-><init>,0.2681947604258481
android.os.Parcel->readParcelable,0.26484907497565724
android.content.Context->unregisterReceiver,0.26349141889366257
android.content.ContextWrapper->sendBroadcast,0.2616981314923603
android.content.ContextWrapper->getBaseContext,0.25601923423028466
com.google.android.gcm.GCMBaseIntentService->onRecoverableError,0.2501852817528623
android.content.ContextWrapper->startActivity,0.2465664037803938
android.widget.Button->startAnimation,0.23984642150098984
android.app.Activity->getIntent,0.2299958005879177
android.app.Dialog->setCancelable,0.22942726479831285
android.app.AlarmManager->cancel,0.22669995431408832
android.content.ComponentName->getClassName,0.22582961462318352
android.telephony.TelephonyManager->getNetworkCountryIso,0.22369668246445498
android.app.Activity->requestWindowFeature,0.21564857842978905
android.net.Uri->encode,0.21166790495484478
android.app.ActivityManager->getRunningServices,0.20927654743720492
android.os.Bundle->get,0.20613852522185355
android.widget.TextView->getText,0.2035053554040896
android.net.Proxy->getDefaultHost,0.20246057859591965
android.net.Proxy->getDefaultPort,0.20246057859591965
android.os.Binder->attachInterface,0.20198249168193377
android.view.ContextThemeWrapper->bindService,0.20184404952537413
android.os.Message->sendToTarget,0.19863680623174293
java.io.BufferedReader->readLine,0.1982971614743163
java.io.File-><init>,0.1929791367670065
android.app.IntentService->getSharedPreferences,0.19236537653959215
android.app.Dialog->dismiss,0.1892984212979414
android.view.Window->addFlags,0.18910829406959948
android.app.Activity-><init>,0.1879204603663176
android.app.Activity->onCreate,0.1879204603663176
android.os.Handler->removeCallbacks,0.18677692815313546
android.text.SpannableStringBuilder->getSpanStart,0.18613363359898843
android.content.Intent->setData,0.1848341232227488
android.widget.Button->setBackgroundResource,0.18375150555845254
android.graphics.Rect-><init>,0.18347092945449175
android.widget.TextView->setEnabled,0.18307775372986246
android.telephony.TelephonyManager->getNetworkOperatorName,0.18293838862559242
android.app.Activity->getWindow,0.1825424440578319
android.view.View->setPressed,0.18208373904576436
android.os.Binder-><init>,0.17371906394643213
java.io.File->getPath,0.16860685657854055
android.webkit.WebView-><clinit>,0.1655306718597858
android.widget.RemoteViews->setTextViewText,0.1635998652496343
android.os.Parcel->readStrongBinder,0.16068796522333026
android.os.SystemClock->elapsedRealtime,0.15955735427809337
android.text.SpannableStringBuilder->getSpanEnd,0.15787020586348682
android.os.Handler->sendMessage,0.15776683571992228
android.text.SpannableStringBuilder->length,0.15494907636007882
android.os.Handler->postDelayed,0.15367079378117826
android.app.Service->onStartCommand,0.15260663507109004
android.app.Service->onStart,0.15260663507109004
android.app.Service->onLowMemory,0.15260663507109004
android.view.KeyEvent-><init>,0.14820417449249412
android.app.Activity->finish,0.14612015856241634
android.app.ProgressDialog->show,0.14145834967719895
java.io.InputStream->close,0.13734292583653673
android.widget.ProgressBar->getVisibility,0.13644120592347841
org.apache.http.HttpEntity->getContent,0.13365390383807807
android.util.Base64->decode,0.13270142180094788
android.content.IntentFilter->addAction,0.13270142180094788
android.os.Message->obtain,0.13242453748782862
android.os.Message-><clinit>,0.13242453748782862
android.os.Parcel->readFloat,0.13242453748782862
android.view.ViewGroup->getChildAt,0.13242453748782862
org.apache.http.HttpResponse->getEntity,0.13073277433467012
android.text.AlteredCharSequence->length,0.12960677812798516
java.io.File->exists,0.12671149116046831
android.app.AlarmManager->setRepeating,0.12645121990613623
android.net.Uri-><clinit>,0.12589652833218734
android.os.ParcelFileDescriptor->close,0.12376451912116919
android.os.Bundle->getBoolean,0.12069664093180801
java.io.DataOutputStream->flush,0.12066064597110251
java.io.DataOutputStream-><init>,0.12066064597110251
java.io.DataOutputStream->writeBytes,0.12066064597110251
java.io.DataOutputStream->close,0.12066064597110251
android.app.Activity->setContentView,0.11715436761930231
android.content.res.Resources->getAssets,0.11623326580432586
android.content.pm.PackageInfo->toString,0.11594899790952344
android.content.pm.InstrumentationInfo->toString,0.11594899790952344
android.content.pm.ApplicationInfo->toString,0.11594899790952344
android.graphics.Point->toString,0.11594899790952344
android.content.res.AssetFileDescriptor->toString,0.11594899790952344
android.graphics.Matrix->toString,0.11594899790952344
android.content.res.TypedArray->toString,0.11594899790952344
android.os.Bundle->toString,0.11594899790952344
android.content.pm.ProviderInfo->toString,0.11594899790952344
android.net.LocalSocket->toString,0.11594899790952344
android.net.wifi.ScanResult->toString,0.11594899790952344
android.os.ParcelFileDescriptor->toString,0.11594899790952344
android.util.DisplayMetrics->toString,0.11594899790952344
android.view.MotionEvent->toString,0.11594899790952344
android.location.Location->toString,0.11594899790952344
android.content.ContentValues->toString,0.11594899790952344
android.view.KeyEvent->toString,0.11594899790952344
android.view.accessibility.AccessibilityEvent->toString,0.11594899790952344
android.os.Message->toString,0.11594899790952344
android.os.Handler->toString,0.11594899790952344
android.app.PendingIntent->toString,0.11594899790952344
android.content.pm.ActivityInfo->toString,0.11594899790952344
android.net.wifi.WifiConfiguration->toString,0.11594899790952344
android.preference.Preference->toString,0.11594899790952344
android.telephony.SignalStrength->toString,0.11594899790952344
android.content.pm.PermissionInfo->toString,0.11594899790952344
android.net.wifi.WifiInfo->toString,0.11594899790952344
android.telephony.gsm.GsmCellLocation->toString,0.11594899790952344
android.util.TypedValue->toString,0.11594899790952344
android.telephony.ServiceState->toString,0.11594899790952344
android.content.res.ColorStateList->toString,0.11594899790952344
android.app.Notification->toString,0.11594899790952344
android.view.Surface->toString,0.11594899790952344
android.view.animation.Transformation->toString,0.11594899790952344
android.content.pm.ConfigurationInfo->toString,0.11594899790952344
android.content.Intent->toString,0.11594899790952344
android.content.pm.PackageStats->toString,0.11594899790952344
android.content.pm.ResolveInfo->toString,0.11594899790952344
android.net.DhcpInfo->toString,0.11594899790952344
android.content.IntentSender->toString,0.11594899790952344
android.net.NetworkInfo->toString,0.11594899790952344
android.view.inputmethod.CompletionInfo->toString,0.11594899790952344
android.net.http.SslError->toString,0.11594899790952344
android.content.ComponentName->toString,0.11594899790952344
android.view.inputmethod.InputMethodInfo->toString,0.11594899790952344
android.graphics.Rect->toString,0.11594899790952344
android.net.http.SslCertificate->toString,0.11594899790952344
android.database.sqlite.SQLiteQuery->toString,0.11594899790952344
android.os.PatternMatcher->toString,0.11594899790952344
android.telephony.cdma.CdmaCellLocation->toString,0.11594899790952344
android.graphics.RectF->toString,0.11594899790952344
android.content.pm.PermissionGroupInfo->toString,0.11594899790952344
android.os.Looper->toString,0.11594899790952344
android.content.res.Configuration->toString,0.11594899790952344
android.telephony.NeighboringCellInfo->toString,0.11594899790952344
android.location.Address->toString,0.11594899790952344
android.content.pm.ServiceInfo->toString,0.11594899790952344
android.database.sqlite.SQLiteCursor->access$200,0.11587147030185005
android.content.ComponentName->readFromParcel,0.11587147030185005
android.graphics.drawable.AnimationDrawable->run,0.11587147030185005
android.content.Context->getResources,0.11531400988477003
android.text.SpannableStringBuilder->getSpans,0.11305371094200659
android.text.TextUtils->getChars,0.11305371094200659
android.view.View->setBackgroundResource,0.11184834123222749
java.io.InputStream->read,0.10989538387702635
java.io.FileOutputStream-><init>,0.10609837699645125
java.io.IOException-><init>,0.10521234719446969
android.text.SpannableStringBuilder->charAt,0.10136919292837465
android.graphics.drawable.ClipDrawable->setAlpha,0.09931840311587146
android.graphics.drawable.shapes.RoundRectShape->clone,0.09931840311587146
android.view.animation.AnimationSet->clone,0.09931840311587146
android.graphics.drawable.shapes.RectShape->clone,0.09931840311587146
android.accounts.AccountManager->access$000,0.09931840311587146
android.graphics.drawable.ScaleDrawable->setAlpha,0.09931840311587146
android.content.Intent->clone,0.09931840311587146
android.os.Bundle->clone,0.09931840311587146
android.widget.TextView-><clinit>,0.09931840311587146
android.graphics.drawable.DrawableContainer->setAlpha,0.09931840311587146
android.graphics.drawable.GradientDrawable->setAlpha,0.09931840311587146
android.webkit.WebView->access$700,0.09931840311587146
android.graphics.drawable.LayerDrawable->setAlpha,0.09931840311587146
android.view.animation.Animation->clone,0.09931840311587146
android.graphics.drawable.NinePatchDrawable->setAlpha,0.09931840311587146
android.content.ComponentName-><clinit>,0.09931840311587146
android.webkit.WebHistoryItem->clone,0.09931840311587146
android.graphics.drawable.RotateDrawable->setAlpha,0.09931840311587146
android.graphics.drawable.ShapeDrawable->setAlpha,0.09931840311587146
android.webkit.WebBackForwardList->clone,0.09931840311587146
android.widget.ZoomButtonsController->access$600,0.09931840311587146
android.webkit.CookieManager->clone,0.09931840311587146
android.graphics.drawable.InsetDrawable->setAlpha,0.09931840311587146
android.graphics.drawable.ColorDrawable->setAlpha,0.09931840311587146
android.telephony.TelephonyManager->getNetworkOperator,0.09894368634545003
android.view.ContextThemeWrapper->getSharedPreferences,0.09884954567898951
android.widget.RemoteViews-><init>,0.09835299981079572
android.content.DialogInterface->dismiss,0.0967590691149393
android.util.Log->i,0.09600317494012378
android.graphics.drawable.BitmapDrawable->setAlpha,0.09363119932440227
android.widget.BaseAdapter-><init>,0.08860759493670886
android.content.ContextWrapper->getPackageManager,0.08569477196269445
android.content.ComponentName->flattenToString,0.08479028320650493
android.database.CursorWrapper->close,0.08471275559883155
android.view.View->invalidate,0.08415252633862028
java.io.ByteArrayOutputStream-><init>,0.0837473522937558
java.io.ByteArrayOutputStream->write,0.0837473522937558
java.io.ByteArrayOutputStream->toString,0.0837473522937558
java.io.FileOutputStream->write,0.08365136573187446
android.os.Bundle->writeToParcel,0.0827653359298929
android.os.Handler->removeMessages,0.0827653359298929
android.os.Parcel->readDouble,0.0827653359298929
android.net.wifi.WifiConfiguration->access$100,0.0827653359298929
android.view.LayoutInflater->inflate,0.0827653359298929
android.os.Parcel->writeFloat,0.0827653359298929
android.os.Parcel->readBundle,0.0827653359298929
android.graphics.Rect->readFromParcel,0.0827653359298929
android.widget.RemoteViews->setImageViewBitmap,0.08179993262481715
android.graphics.BitmapFactory->decodeStream,0.08179993262481715
android.app.ProgressDialog->cancel,0.08179993262481715
android.graphics.BitmapFactory->decodeResource,0.08179993262481715
android.content.Intent->resolveTypeIfNeeded,0.07789678675754626
android.content.Intent->setDataAndType,0.0777214266925707
android.net.Uri->fromFile,0.0777214266925707
android.content.res.Resources->getIdentifier,0.0777214266925707
android.view.ContextThemeWrapper->sendBroadcast,0.07677725118483412
android.os.SystemClock->uptimeMillis,0.07497565725413827
android.content.res.Resources->getDrawable,0.07444219347752853
android.content.pm.PackageManager->getPackageInfo,0.07337249708117786
android.telephony.PhoneNumberUtils-><clinit>,0.07307992265698186
android.telephony.PhoneNumberUtils->stringFromStringAndTOA,0.07307992265698186
android.os.Handler-><init>,0.07158751620926915
android.content.res.AssetManager-><clinit>,0.07110666045215208
android.app.Service->onCreate,0.07033323027083901
android.content.ContextWrapper->startService,0.06899680198618348
android.app.Activity->runOnUiThread,0.0684005777652667
android.text.style.StyleSpan-><init>,0.0672376636501659
android.text.style.RelativeSizeSpan-><init>,0.0672376636501659
android.content.IntentFilter->addDataAuthority,0.06635071090047394
android.content.IntentFilter->addDataScheme,0.06635071090047394
android.content.IntentFilter->addDataPath,0.06635071090047394
android.content.ContextWrapper->bindService,0.06635071090047394
android.accounts.Account->toString,0.0662897963515877
android.content.SyncAdapterType->toString,0.0662897963515877
android.content.Entity->toString,0.0662897963515877
android.content.ContentProviderResult->toString,0.0662897963515877
android.content.pm.FeatureInfo->toString,0.0662897963515877
android.app.WallpaperInfo->toString,0.0662897963515877
android.graphics.drawable.NinePatchDrawable->getConstantState,0.06621226874391431
android.os.Bundle->putString,0.06621226874391431
android.widget.TextView->access$700,0.06621226874391431
android.graphics.drawable.BitmapDrawable->getConstantState,0.06621226874391431
android.view.View->getParent,0.06621226874391431
android.telephony.ServiceState->getRoaming,0.06621226874391431
android.accounts.AuthenticatorException-><init>,0.06621226874391431
android.view.View->requestLayout,0.06621226874391431
android.widget.ListView->setChoiceMode,0.06621226874391431
android.graphics.drawable.DrawableContainer->getConstantState,0.06621226874391431
android.os.Handler->sendEmptyMessage,0.06621226874391431
android.graphics.drawable.GradientDrawable->getConstantState,0.06621226874391431
android.graphics.drawable.Drawable->getConstantState,0.06621226874391431
android.graphics.drawable.ScaleDrawable->getConstantState,0.06621226874391431
android.graphics.drawable.RotateDrawable->getConstantState,0.06621226874391431
android.graphics.drawable.LayerDrawable->getConstantState,0.06621226874391431
android.view.ViewGroup->getChildCount,0.06621226874391431
android.content.res.TypedArray->getDrawable,0.06621226874391431
android.graphics.drawable.ShapeDrawable->getConstantState,0.06621226874391431
android.widget.ZoomButtonsController-><clinit>,0.06621226874391431
android.graphics.drawable.ColorDrawable->getConstantState,0.06621226874391431
android.graphics.drawable.ClipDrawable->getConstantState,0.06621226874391431
android.graphics.drawable.InsetDrawable->getConstantState,0.06621226874391431
com.google.android.gcm.GCMBroadcastReceiver-><init>,0.06350710900473934
com.google.android.gcm.GCMBroadcastReceiver->onReceive,0.06350710900473934
android.widget.ProgressBar->setVisibility,0.061742432982459405
android.widget.ImageButton->setLayoutParams,0.061611374407582936
android.widget.ImageButton->setBackgroundDrawable,0.061611374407582936
android.widget.ImageButton->setOnClickListener,0.061611374407582936
android.view.inputmethod.InputMethodManager-><clinit>,0.0613695621074588
android.util.AndroidRuntimeException-><init>,0.0613695621074588
android.view.inputmethod.InputMethodManager->getInstance,0.0613695621074588
android.content.Intent->writeToParcel,0.06134371957156767
android.os.Process->setThreadPriority,0.05842259006815969
android.net.Uri-><init>,0.05652685547100329
android.text.Layout->getLineForOffset,0.05652685547100329
android.database.sqlite.SQLiteCursor->close,0.05647517039922103
android.database.sqlite.SQLiteCursor->deactivate,0.05647517039922103
android.os.MemoryFile->access$200,0.05647517039922103
android.database.DatabaseUtils->readExceptionFromParcel,0.05647517039922103
android.os.Binder->unlinkToDeath,0.05647517039922103
android.database.DatabaseUtils-><clinit>,0.05647517039922103
android.view.ContextThemeWrapper->getAssets,0.0562361269422281
java.io.File->delete,0.055613137237709796
android.widget.ImageView->setBackgroundResource,0.05402843601895735
java.io.InputStream->available,0.05370448137260786
java.lang.ArrayIndexOutOfBoundsException-><init>,0.053579883431704174
android.util.EventLog->writeEvent,0.05258033106134372
android.content.Intent->getIntExtra,0.05125405520150256
java.io.UnsupportedEncodingException-><init>,0.050684596464187326
java.io.File->renameTo,0.050684596464187326
java.io.UnsupportedEncodingException->initCause,0.050684596464187326
java.io.File->canRead,0.050684596464187326
android.graphics.drawable.ClipDrawable->getIntrinsicHeight,0.04965920155793573
android.webkit.WebView->access$900,0.04965920155793573
android.os.Parcel->readStringArray,0.04965920155793573
android.graphics.drawable.ClipDrawable->getIntrinsicWidth,0.04965920155793573
android.view.View->getTop,0.04965920155793573
android.widget.HeaderViewListAdapter->getItemId,0.04965920155793573
android.webkit.WebView->access$800,0.04965920155793573
android.graphics.drawable.RotateDrawable->getIntrinsicWidth,0.04965920155793573
android.webkit.CookieSyncManager->getInstance,0.04965920155793573
android.os.Looper-><clinit>,0.04965920155793573
android.content.res.Resources->getDisplayMetrics,0.04965920155793573
android.widget.ExpandableListView->getAdapter,0.04965920155793573
android.accounts.Account-><init>,0.04965920155793573
android.graphics.drawable.InsetDrawable->getIntrinsicHeight,0.04965920155793573
android.graphics.drawable.ScaleDrawable->getIntrinsicWidth,0.04965920155793573
android.graphics.drawable.ShapeDrawable->getIntrinsicHeight,0.04965920155793573
android.graphics.drawable.GradientDrawable->getIntrinsicWidth,0.04965920155793573
android.webkit.WebView->setLayoutParams,0.04965920155793573
android.graphics.drawable.LayerDrawable->getIntrinsicWidth,0.04965920155793573
android.widget.CursorAdapter->getItemId,0.04965920155793573
android.graphics.drawable.LayerDrawable->getIntrinsicHeight,0.04965920155793573
android.content.res.TypedArray->getInt,0.04965920155793573
java.lang.AssertionError-><init>,0.04965920155793573
android.webkit.CookieManager-><clinit>,0.04965920155793573
android.graphics.drawable.NinePatchDrawable->getIntrinsicHeight,0.04965920155793573
android.webkit.JsResult->cancel,0.04965920155793573
android.widget.ListView->getAdapter,0.04965920155793573
android.accounts.Account->writeToParcel,0.04965920155793573
android.graphics.drawable.RotateDrawable->getIntrinsicHeight,0.04965920155793573
android.graphics.drawable.ScaleDrawable->getIntrinsicHeight,0.04965920155793573
android.widget.GridView->getAdapter,0.04965920155793573
android.webkit.JsResult->confirm,0.04965920155793573
android.text.Selection-><clinit>,0.04965920155793573
android.text.Selection->getSelectionEnd,0.04965920155793573
android.content.SyncStats->toString,0.04965920155793573
android.widget.AbsListView->access$600,0.04965920155793573
android.graphics.drawable.NinePatchDrawable->getIntrinsicWidth,0.04965920155793573
android.graphics.drawable.GradientDrawable->getIntrinsicHeight,0.04965920155793573
android.graphics.drawable.DrawableContainer->getIntrinsicHeight,0.04965920155793573
android.accounts.OperationCanceledException-><init>,0.04965920155793573
android.graphics.Region-><init>,0.04965920155793573
android.content.ContentValues->put,0.04965920155793573
android.content.SyncResult->toString,0.04965920155793573
android.graphics.drawable.InsetDrawable->getIntrinsicWidth,0.04965920155793573
android.graphics.drawable.DrawableContainer->getIntrinsicWidth,0.04965920155793573
android.graphics.drawable.ShapeDrawable->getIntrinsicWidth,0.04965920155793573
android.view.ContextThemeWrapper->getContentResolver,0.04739336492890995
android.view.animation.AnimationSet->addAnimation,0.045471787795862424
android.view.animation.AnimationSet-><init>,0.045471787795862424
android.text.Layout-><clinit>,0.044816494921480224
android.view.ContextThemeWrapper-><init>,0.044816494921480224
android.text.style.SubscriptSpan-><init>,0.04189536541807223
android.text.style.AbsoluteSizeSpan-><init>,0.04189536541807223
android.text.style.TypefaceSpan-><init>,0.04189536541807223
android.text.Annotation-><init>,0.04189536541807223
android.text.style.BulletSpan-><init>,0.04189536541807223
android.text.style.SuperscriptSpan-><init>,0.04189536541807223
android.text.style.StrikethroughSpan-><init>,0.04189536541807223
android.text.style.BackgroundColorSpan-><init>,0.04189536541807223
android.text.style.URLSpan-><init>,0.04189536541807223
android.text.style.ForegroundColorSpan-><init>,0.04189536541807223
android.graphics.drawable.BitmapDrawable->getIntrinsicHeight,0.04112839587073194
android.graphics.drawable.BitmapDrawable->getIntrinsicWidth,0.04112839587073194
android.content.ContextWrapper->getAssets,0.04089581304771178
android.widget.Button->getLayoutParams,0.039758741468502105
android.widget.Button->setLayoutParams,0.039758741468502105
java.io.BufferedInputStream-><init>,0.03886071334628535
org.apache.http.util.ByteArrayBuffer->append,0.03886071334628535
org.apache.http.util.ByteArrayBuffer->toByteArray,0.03886071334628535
org.apache.http.util.ByteArrayBuffer-><init>,0.03886071334628535
java.io.BufferedInputStream->read,0.03886071334628535
android.view.WindowManager->getDefaultDisplay,0.037914691943127965
android.app.Activity->getWindowManager,0.037914691943127965
android.os.Handler->post,0.03709419142858461
android.content.Intent->getBooleanExtra,0.036940982108658635
android.app.Service-><init>,0.03680623174294062
android.telephony.TelephonyManager->getSimOperatorName,0.036302302293063596
android.graphics.drawable.InsetDrawable-><init>,0.033106134371957155
android.os.Handler->sendMessageDelayed,0.033106134371957155
android.view.View->getWidth,0.033106134371957155
android.text.method.TextKeyListener->access$102,0.033106134371957155
android.graphics.drawable.ShapeDrawable-><init>,0.033106134371957155
android.widget.ZoomButtonsController->access$500,0.033106134371957155
android.os.Parcel->readByteArray,0.033106134371957155
android.database.sqlite.SQLiteCursor->access$002,0.033106134371957155
android.os.SystemClock->setCurrentTimeMillis,0.033106134371957155
android.graphics.drawable.ClipDrawable-><init>,0.033106134371957155
android.graphics.drawable.RotateDrawable-><init>,0.033106134371957155
android.graphics.drawable.NinePatchDrawable-><init>,0.033106134371957155
android.webkit.GeolocationPermissions->getInstance,0.033106134371957155
android.graphics.Rect->set,0.033106134371957155
android.webkit.WebView->zoomIn,0.033106134371957155
android.telephony.ServiceState->getState,0.033106134371957155
android.view.View->isPressed,0.033106134371957155
android.text.method.TextKeyListener->access$000,0.033106134371957155
android.content.Intent->setClassName,0.033106134371957155
android.content.Context->obtainStyledAttributes,0.033106134371957155
android.widget.ZoomButtonsController->access$400,0.033106134371957155
android.widget.ListView->isItemChecked,0.033106134371957155
android.view.View->getWindowToken,0.033106134371957155
android.database.CursorWrapper->getColumnIndexOrThrow,0.033106134371957155
android.webkit.WebView->access$600,0.033106134371957155
android.net.LocalSocket->close,0.033106134371957155
android.widget.CursorAdapter->getCount,0.033106134371957155
android.content.Intent->getParcelableExtra,0.033106134371957155
android.view.AbsSavedState-><init>,0.033106134371957155
android.graphics.drawable.BitmapDrawable-><init>,0.033106134371957155
android.os.Bundle->containsKey,0.033106134371957155
android.webkit.GeolocationPermissions-><clinit>,0.033106134371957155
android.os.Parcel->createIntArray,0.033106134371957155
android.view.ViewGroup->addView,0.033106134371957155
android.graphics.drawable.GradientDrawable-><init>,0.033106134371957155
android.text.method.CharacterPickerDialog->onClick,0.033106134371957155
android.content.BroadcastReceiver->setOrderedHint,0.033106134371957155
android.widget.ZoomButtonsController->access$100,0.033106134371957155
android.graphics.drawable.LayerDrawable-><init>,0.033106134371957155
android.graphics.Bitmap-><clinit>,0.033106134371957155
android.view.View->assignParent,0.033106134371957155
android.view.View->getHeight,0.033106134371957155
android.widget.HeaderViewListAdapter->getCount,0.033106134371957155
android.webkit.CacheManager->access$000,0.033106134371957155
android.os.Parcel->writeStringArray,0.033106134371957155
android.graphics.drawable.TransitionDrawable-><init>,0.033106134371957155
android.content.ContextWrapper->getMainLooper,0.033106134371957155
android.webkit.CacheManager-><clinit>,0.033106134371957155
android.graphics.drawable.ColorDrawable-><init>,0.033106134371957155
android.view.View->createSnapshot,0.033106134371957155
android.accounts.AccountManager->access$1300,0.033106134371957155
android.view.View->postDelayed,0.033106134371957155
android.os.Bundle->getParcelableArray,0.033106134371957155
android.graphics.Rect->scale,0.033106134371957155
android.text.Selection->getSelectionStart,0.033106134371957155
android.view.Surface->release,0.033106134371957155
android.webkit.WebView->zoomOut,0.033106134371957155
android.location.Address->access$002,0.033106134371957155
android.hardware.SensorManager-><clinit>,0.033106134371957155
android.telephony.NeighboringCellInfo-><init>,0.033106134371957155
android.content.res.TypedArray->recycle,0.033106134371957155
android.os.Looper->loop,0.033106134371957155
android.content.BroadcastReceiver->setResult,0.033106134371957155
android.text.SpannableStringBuilder->removeSpan,0.033106134371957155
android.os.Parcel->writeBundle,0.033106134371957155
android.graphics.drawable.StateListDrawable-><init>,0.033106134371957155
android.app.Dialog->setOnCancelListener,0.033106134371957155
android.graphics.drawable.ScaleDrawable-><init>,0.033106134371957155
android.graphics.Interpolator->setKeyFrame,0.033106134371957155
android.os.Looper->prepare,0.033106134371957155
android.widget.TextView->setCompoundDrawables,0.033106134371957155
android.graphics.drawable.AnimationDrawable-><init>,0.033106134371957155
android.webkit.CookieManager->access$100,0.033106134371957155
android.location.Address->access$102,0.033106134371957155
android.content.ServiceConnection->onServiceDisconnected,0.033106134371957155
android.text.Selection->setSelection,0.033106134371957155
android.view.ViewConfiguration-><clinit>,0.033106134371957155
android.accounts.AccountManager->access$200,0.033106134371957155
android.database.AbstractCursor->getColumnIndexOrThrow,0.033106134371957155
android.view.View->post,0.033106134371957155
android.widget.ListView->setItemChecked,0.033106134371957155
android.os.Debug->threadCpuTimeNanos,0.033106134371957155
android.webkit.WebView->access$000,0.033106134371957155
android.database.sqlite.SQLiteCursor->access$400,0.033106134371957155
android.graphics.drawable.LevelListDrawable-><init>,0.033106134371957155
android.content.ContentValues-><init>,0.033106134371957155
android.view.Surface-><init>,0.033106134371957155
android.util.AndroidException-><init>,0.033106134371957155
android.widget.AbsListView->access$500,0.033106134371957155
android.widget.TextView->setGravity,0.03146882513371205
android.view.View->getVisibility,0.031210399774800758
android.view.animation.TranslateAnimation->initialize,0.03033175355450237
android.app.IntentService-><init>,0.029402345210132103
org.apache.http.util.CharArrayBuffer->length,0.029211295034079845
android.media.AudioManager-><init>,0.028263427735501646
android.location.LocationManager-><init>,0.028263427735501646
android.content.ComponentName->toShortString,0.028263427735501646
android.net.ConnectivityManager-><init>,0.028263427735501646
android.text.method.PasswordTransformationMethod->access$100,0.028263427735501646
android.os.Vibrator-><init>,0.028263427735501646
android.app.AlarmManager-><init>,0.028263427735501646
android.text.Layout->access$100,0.028263427735501646
android.hardware.SensorManager-><init>,0.028263427735501646
android.view.accessibility.AccessibilityManager->getInstance,0.028263427735501646
android.app.SearchManager-><init>,0.028263427735501646
android.view.accessibility.AccessibilityManager-><clinit>,0.028263427735501646
android.text.ClipboardManager-><init>,0.028263427735501646
android.app.KeyguardManager-><init>,0.028263427735501646
android.text.AndroidCharacter->mirror,0.028263427735501646
android.text.method.PasswordTransformationMethod-><clinit>,0.028263427735501646
android.net.wifi.WifiManager-><init>,0.028263427735501646
android.os.PowerManager-><init>,0.028263427735501646
android.app.NotificationManager-><init>,0.028263427735501646
android.content.Intent->getComponent,0.028263427735501646
android.telephony.TelephonyManager-><init>,0.028263427735501646
android.os.Handler->getLooper,0.028263427735501646
org.apache.http.HttpHost->toString,0.028263427735501646
android.app.ActivityManager-><init>,0.028263427735501646
android.database.AbstractCursor->moveToNext,0.028237585199610515
android.database.CursorWrapper->moveToNext,0.028237585199610515
android.os.MemoryFile-><clinit>,0.028237585199610515
android.database.AbstractCursor->close,0.028237585199610515
android.database.AbstractCursor->unregisterContentObserver,0.028237585199610515
android.database.AbstractCursor->deactivate,0.028237585199610515
android.database.AbstractWindowedCursor->getString,0.028237585199610515
android.database.CursorWrapper->getString,0.028237585199610515
android.content.res.AssetManager->access$800,0.028237585199610515
org.apache.http.impl.client.AbstractHttpClient->execute,0.02740231752170081
java.io.FileOutputStream->close,0.02717619533265342
android.content.Context->stopService,0.02717619533265342
android.view.Menu->add,0.02717619533265342
android.view.Window->setFlags,0.026540284360189573
android.os.MemoryFile->writeBytes,0.025342298232093663
android.text.SpannableStringBuilder->setSpan,0.025342298232093663
android.content.res.AssetManager->access$600,0.025342298232093663
java.io.File->getParentFile,0.025342298232093663
java.io.OutputStream->flush,0.025342298232093663
android.os.MemoryFile->close,0.025342298232093663
android.text.SpannedString-><init>,0.025342298232093663
android.util.Xml->newPullParser,0.025342298232093663
android.content.res.AssetManager->xmlBlockGone,0.025342298232093663
android.util.TypedValue-><clinit>,0.025342298232093663
android.util.Xml-><clinit>,0.025342298232093663
android.content.res.AssetManager->access$500,0.025342298232093663
android.util.TypedValue->coerceToString,0.025342298232093663
java.io.FileInputStream-><init>,0.025342298232093663
android.content.res.AssetManager->access$400,0.025342298232093663
java.io.Writer->flush,0.02531645569620253
java.io.Writer->write,0.02531645569620253
android.content.Intent->setPackage,0.024663008717241114
android.view.animation.AnimationSet->setAnimationListener,0.024644549763033177
android.view.animation.TranslateAnimation->setDuration,0.024644549763033177
android.net.http.SslError-><init>,0.023369036027263874
android.widget.AutoCompleteTextView->setOnClickListener,0.023369036027263874
android.view.Display->getHeight,0.022748815165876776
android.view.Display->getWidth,0.022748815165876776
android.app.PendingIntent->getActivity,0.02269989893722557
android.view.View->getLayoutParams,0.021361624757149388
android.content.res.Resources->openRawResource,0.02098137030046554
android.os.Process->myTid,0.019474196689386564
android.net.Uri->parse,0.019105017605227648
android.view.View->setFocusableInTouchMode,0.01794025759470597
android.app.WallpaperManager-><init>,0.01657890972186971
android.content.BroadcastReceiver->getDebugUnregister,0.01657890972186971
android.accounts.AccountManager-><init>,0.01657890972186971
android.util.Log->isLoggable,0.01657890972186971
android.app.PendingIntent-><init>,0.016553067185978577
android.net.NetworkInfo->access$402,0.016553067185978577
android.location.Criteria-><init>,0.016553067185978577
android.accounts.AccountManager->access$1400,0.016553067185978577
android.widget.AbsListView->access$200,0.016553067185978577
android.app.Instrumentation->checkStartActivityResult,0.016553067185978577
android.location.Criteria->access$202,0.016553067185978577
android.webkit.WebView->access$400,0.016553067185978577
android.widget.ProgressBar->access$102,0.016553067185978577
android.widget.ProgressBar->access$000,0.016553067185978577
android.view.ViewGroup->isAlwaysDrawnWithCacheEnabled,0.016553067185978577
android.widget.AutoCompleteTextView->access$1100,0.016553067185978577
android.widget.ListView->performItemClick,0.016553067185978577
android.widget.GridView->layoutChildren,0.016553067185978577
android.net.wifi.ScanResult-><init>,0.016553067185978577
android.text.method.MetaKeyKeyListener-><clinit>,0.016553067185978577
android.content.res.TypedArray->getDimensionPixelSize,0.016553067185978577
android.app.Instrumentation->onException,0.016553067185978577
android.content.pm.InstrumentationInfo-><init>,0.016553067185978577
android.location.Location->access$402,0.016553067185978577
android.widget.Scroller->getCurrY,0.016553067185978577
android.view.MotionEvent-><clinit>,0.016553067185978577
android.content.pm.PathPermission-><init>,0.016553067185978577
android.net.wifi.WifiConfiguration-><init>,0.016553067185978577
android.net.Proxy->getHost,0.016553067185978577
android.database.AbstractCursor->onChange,0.016553067185978577
android.content.pm.ApplicationInfo-><init>,0.016553067185978577
android.location.Address->access$202,0.016553067185978577
android.location.Address->access$1200,0.016553067185978577
android.net.Uri->withAppendedPath,0.016553067185978577
android.content.pm.ActivityInfo-><init>,0.016553067185978577
android.content.Intent->setExtrasClassLoader,0.016553067185978577
android.net.wifi.WifiInfo-><init>,0.016553067185978577
android.content.ContentProviderResult-><init>,0.016553067185978577
android.location.Address->access$902,0.016553067185978577
android.widget.AbsListView->access$1000,0.016553067185978577
android.location.Address->access$1000,0.016553067185978577
android.location.Address->access$1002,0.016553067185978577
android.widget.Scroller->computeScrollOffset,0.016553067185978577
android.location.Location->access$702,0.016553067185978577
android.content.BroadcastReceiver->clearAbortBroadcast,0.016553067185978577
android.widget.AbsListView->requestLayout,0.016553067185978577
android.content.pm.Signature-><init>,0.016553067185978577
android.widget.ScrollView->requestLayout,0.016553067185978577
android.widget.ZoomButton->access$400,0.016553067185978577
android.database.sqlite.SQLiteCursor->access$502,0.016553067185978577
android.database.sqlite.SQLiteCursor->access$500,0.016553067185978577
android.content.pm.ResolveInfo-><init>,0.016553067185978577
android.view.View->access$102,0.016553067185978577
android.content.BroadcastReceiver->getResultExtras,0.016553067185978577
android.graphics.drawable.TransitionDrawable->resetTransition,0.016553067185978577
android.content.ContentResolver->insert,0.016553067185978577
android.view.View->hasFocusable,0.016553067185978577
android.view.animation.LayoutAnimationController->getAnimation,0.016553067185978577
android.view.ViewTreeObserver-><init>,0.016553067185978577
android.widget.TextView->access$800,0.016553067185978577
android.content.pm.PackageInfo-><init>,0.016553067185978577
android.webkit.CookieManager->access$102,0.016553067185978577
android.widget.AbsListView->isInFilterMode,0.016553067185978577
android.os.Binder->linkToDeath,0.016553067185978577
android.view.ViewGroup->setDescendantFocusability,0.016553067185978577
android.net.wifi.SupplicantState->valueOf,0.016553067185978577
android.view.MotionEvent->access$000,0.016553067185978577
android.net.wifi.WifiInfo->access$102,0.016553067185978577
android.webkit.WebView->access$500,0.016553067185978577
android.net.NetworkInfo->access$502,0.016553067185978577
android.app.WallpaperInfo-><init>,0.016553067185978577
android.webkit.CookieSyncManager->clearAllCookies,0.016553067185978577
android.widget.AbsListView->access$300,0.016553067185978577
android.view.View->playSoundEffect,0.016553067185978577
android.database.ContentObserver->dispatchChange,0.016553067185978577
android.database.sqlite.SQLiteQuery->fillWindow,0.016553067185978577
android.location.Location->access$602,0.016553067185978577
android.widget.TextView->setTextAppearance,0.016553067185978577
android.location.Address->access$1302,0.016553067185978577
android.os.Parcel->readFileDescriptor,0.016553067185978577
android.widget.ListView->setSelection,0.016553067185978577
android.webkit.CookieSyncManager->clearExpiredCookies,0.016553067185978577
android.database.DataSetObserver-><init>,0.016553067185978577
android.database.CursorWindow-><init>,0.016553067185978577
android.app.Dialog->setOnKeyListener,0.016553067185978577
android.location.Location->access$902,0.016553067185978577
android.widget.ListView->layoutChildren,0.016553067185978577
android.preference.PreferenceGroup->getPreference,0.016553067185978577
android.widget.ExpandableListAdapter->getCombinedGroupId,0.016553067185978577
android.view.View->performLongClick,0.016553067185978577
android.os.Process->access$000,0.016553067185978577
android.text.method.TextKeyListener-><clinit>,0.016553067185978577
android.telephony.ServiceState->getCdmaDefaultRoamingIndicator,0.016553067185978577
android.content.res.AssetFileDescriptor-><init>,0.016553067185978577
android.database.sqlite.SQLiteCursor->access$100,0.016553067185978577
android.net.LocalSocket-><init>,0.016553067185978577
android.location.Address->access$402,0.016553067185978577
android.content.BroadcastReceiver->setInitialStickyHint,0.016553067185978577
android.graphics.drawable.Drawable->getCurrent,0.016553067185978577
android.widget.ExpandableListAdapter->getCombinedChildId,0.016553067185978577
android.net.LocalSocket->getInputStream,0.016553067185978577
android.graphics.RectF-><init>,0.016553067185978577
android.view.LayoutInflater->from,0.016553067185978577
android.hardware.SensorManager->sensors_data_close,0.016553067185978577
android.view.MotionEvent->access$100,0.016553067185978577
android.widget.AbsListView->access$1500,0.016553067185978577
android.content.pm.PermissionGroupInfo-><init>,0.016553067185978577
android.net.wifi.WifiInfo->access$202,0.016553067185978577
android.location.Location->access$202,0.016553067185978577
android.location.Criteria->access$102,0.016553067185978577
android.text.method.CharacterPickerDialog->access$100,0.016553067185978577
android.content.Entity-><init>,0.016553067185978577
android.widget.AbsListView->trackMotionScroll,0.016553067185978577
android.location.Location->access$502,0.016553067185978577
android.widget.AbsListView->reportScrollStateChange,0.016553067185978577
android.location.Address->access$1202,0.016553067185978577
android.widget.AutoCompleteTextView->access$1000,0.016553067185978577
android.view.ViewGroup->hasFocusable,0.016553067185978577
android.view.inputmethod.InputMethodManager->getClient,0.016553067185978577
android.location.Address->access$1602,0.016553067185978577
android.graphics.Region-><clinit>,0.016553067185978577
android.accounts.AuthenticatorDescription-><init>,0.016553067185978577
android.preference.PreferenceGroup->getPreferenceCount,0.016553067185978577
android.telephony.ServiceState->getCdmaRoamingIndicator,0.016553067185978577
android.content.ContextWrapper->startIntentSender,0.016553067185978577
android.os.Bundle->setClassLoader,0.016553067185978577
android.widget.ZoomButton->access$000,0.016553067185978577
android.preference.PreferenceScreen->isOnSameScreenAsChildren,0.016553067185978577
android.view.View->draw,0.016553067185978577
android.net.LocalSocketAddress-><init>,0.016553067185978577
android.graphics.Region->access$000,0.016553067185978577
android.location.Location->access$802,0.016553067185978577
android.view.ViewGroup->access$200,0.016553067185978577
android.preference.PreferenceManager->getDefaultSharedPreferences,0.016553067185978577
android.view.ViewGroup->removeAllViews,0.016553067185978577
android.webkit.WebView->performLongClick,0.016553067185978577
android.net.NetworkInfo->access$002,0.016553067185978577
android.os.MessageQueue->addIdleHandler,0.016553067185978577
android.view.inputmethod.InputMethodManager->windowDismissed,0.016553067185978577
android.view.inputmethod.EditorInfo-><init>,0.016553067185978577
android.os.Parcel->createByteArray,0.016553067185978577
android.location.Criteria->access$502,0.016553067185978577
android.os.ParcelFileDescriptor->getFileDescriptor,0.016553067185978577
android.widget.ZoomButton->access$100,0.016553067185978577
android.webkit.JsPromptResult->confirm,0.016553067185978577
android.content.ServiceConnection->onServiceConnected,0.016553067185978577
android.widget.TextView->setError,0.016553067185978577
android.os.Message->getTarget,0.016553067185978577
android.view.inputmethod.InputMethodManager->getInputContext,0.016553067185978577
android.widget.AbsListView->setTextFilterEnabled,0.016553067185978577
android.app.AlertDialog->access$000,0.016553067185978577
android.graphics.drawable.Drawable->setFilterBitmap,0.016553067185978577
android.os.Parcel->unmarshall,0.016553067185978577
android.telephony.ServiceState->setCdmaEriIconIndex,0.016553067185978577
android.webkit.GeolocationPermissions->allow,0.016553067185978577
android.telephony.SmsMessage->newFromParcel,0.016553067185978577
android.location.Location->access$102,0.016553067185978577
android.widget.TextView->access$300,0.016553067185978577
android.accounts.OnAccountsUpdateListener->onAccountsUpdated,0.016553067185978577
android.location.Location-><init>,0.016553067185978577
android.graphics.Bitmap->createBitmap,0.016553067185978577
android.content.pm.PackageStats-><init>,0.016553067185978577
android.widget.AbsListView->draw,0.016553067185978577
android.util.SparseIntArray-><init>,0.016553067185978577
android.preference.PreferenceScreen->onItemClick,0.016553067185978577
android.content.res.Resources->getText,0.016553067185978577
android.widget.AutoCompleteTextView->access$700,0.016553067185978577
android.view.accessibility.AccessibilityEvent->obtain,0.016553067185978577
android.os.Bundle->getIntArray,0.016553067185978577
android.view.View->measure,0.016553067185978577
android.telephony.SmsMessage->newFromCMT,0.016553067185978577
android.location.Address->access$302,0.016553067185978577
android.os.Messenger-><init>,0.016553067185978577
android.widget.ExpandableListAdapter->getGroupCount,0.016553067185978577
android.content.IntentSender-><init>,0.016553067185978577
android.os.Parcel->readList,0.016553067185978577
android.widget.AbsListView->layoutChildren,0.016553067185978577
android.database.sqlite.SQLiteCursor->access$512,0.016553067185978577
android.text.style.TextAppearanceSpan-><init>,0.016553067185978577
android.view.View->hasWindowFocus,0.016553067185978577
android.view.ViewGroup->removeView,0.016553067185978577
android.widget.CursorAdapter->getCursor,0.016553067185978577
android.widget.AbsListView->access$1400,0.016553067185978577
android.text.method.TextKeyListener->access$200,0.016553067185978577
android.widget.FrameLayout->draw,0.016553067185978577
android.widget.AbsListView->positionSelector,0.016553067185978577
android.widget.CursorAdapter->onContentChanged,0.016553067185978577
android.os.Handler->sendEmptyMessageDelayed,0.016553067185978577
android.net.NetworkInfo->access$102,0.016553067185978577
android.view.LayoutInflater-><clinit>,0.016553067185978577
android.view.View->layout,0.016553067185978577
android.view.inputmethod.CompletionInfo-><init>,0.016553067185978577
android.view.Surface->setCompatibleDisplayMetrics,0.016553067185978577
android.view.ViewGroup->access$000,0.016553067185978577
android.location.Address->access$1502,0.016553067185978577
android.view.Surface->readFromParcel,0.016553067185978577
android.database.sqlite.SQLiteCursor->access$300,0.016553067185978577
android.app.Activity->startIntentSender,0.016553067185978577
android.net.NetworkInfo->access$202,0.016553067185978577
android.graphics.Bitmap->access$000,0.016553067185978577
android.location.Criteria->access$402,0.016553067185978577
android.widget.ZoomButton->access$200,0.016553067185978577
android.text.SpannableString->removeSpan,0.016553067185978577
android.widget.AutoCompleteTextView->access$800,0.016553067185978577
android.view.inputmethod.InputMethodManager->startInputInner,0.016553067185978577
android.net.wifi.WifiInfo->setSSID,0.016553067185978577
android.graphics.RectF->readFromParcel,0.016553067185978577
org.apache.http.HttpHost-><init>,0.016553067185978577
android.preference.Preference->getId,0.016553067185978577
android.telephony.SignalStrength-><init>,0.016553067185978577
android.text.TextUtils->writeToParcel,0.016553067185978577
android.net.wifi.WifiInfo->setIpAddress,0.016553067185978577
android.os.Message->access$000,0.016553067185978577
android.widget.ExpandableListAdapter->getChildId,0.016553067185978577
android.webkit.CookieSyncManager->clearSessionCookies,0.016553067185978577
android.widget.ZoomControls->hasFocus,0.016553067185978577
android.os.ResultReceiver->onReceiveResult,0.016553067185978577
android.view.inputmethod.ExtractedText-><init>,0.016553067185978577
android.widget.AbsListView->access$900,0.016553067185978577
android.widget.AbsListView->access$1600,0.016553067185978577
android.webkit.WebViewDatabase->getFormData,0.016553067185978577
android.widget.ZoomButtonsController->access$000,0.016553067185978577
android.webkit.WebView->switchOutDrawHistory,0.016553067185978577
android.telephony.TelephonyManager->getDefault,0.016553067185978577
android.location.Location->access$002,0.016553067185978577
android.content.res.Resources->getCompatibilityInfo,0.016553067185978577
android.webkit.WebView->access$4600,0.016553067185978577
android.graphics.drawable.Drawable->getChangingConfigurations,0.016553067185978577
android.net.wifi.WifiInfo->setNetworkId,0.016553067185978577
android.location.Location->access$302,0.016553067185978577
android.view.ViewGroup-><init>,0.016553067185978577
android.widget.AutoCompleteTextView->showDropDown,0.016553067185978577
android.os.PatternMatcher-><init>,0.016553067185978577
android.location.Address->access$702,0.016553067185978577
android.view.View->getResources,0.016553067185978577
android.content.pm.ConfigurationInfo-><init>,0.016553067185978577
android.view.inputmethod.ExtractedTextRequest-><init>,0.016553067185978577
android.text.Layout->getDesiredWidth,0.016553067185978577
android.content.IntentFilter->writeToParcel,0.016553067185978577
android.os.Parcel->setDataPosition,0.016553067185978577
android.location.Address->access$000,0.016553067185978577
android.net.NetworkInfo->getType,0.016553067185978577
android.os.MemoryFile->readBytes,0.016553067185978577
android.os.Debug-><clinit>,0.016553067185978577
android.view.ViewConfiguration->get,0.016553067185978577
android.widget.AbsListView->access$1300,0.016553067185978577
android.os.Looper->myQueue,0.016553067185978577
android.widget.ExpandableListView->setAdapter,0.016553067185978577
android.preference.PreferenceGroup->sortPreferences,0.016553067185978577
android.location.Address-><init>,0.016553067185978577
android.graphics.drawable.BitmapDrawable->setFilterBitmap,0.016553067185978577
android.view.View->setWillNotDraw,0.016553067185978577
android.view.Window->performContextMenuIdentifierAction,0.016553067185978577
android.webkit.CacheManager->access$100,0.016553067185978577
android.view.View->getApplicationWindowToken,0.016553067185978577
android.graphics.drawable.DrawableContainer->getCurrent,0.016553067185978577
android.widget.ImageView->setImageResource,0.016553067185978577
android.graphics.drawable.Drawable->scheduleSelf,0.016553067185978577
android.widget.CursorAdapter-><init>,0.016553067185978577
android.graphics.drawable.BitmapDrawable->setAntiAlias,0.016553067185978577
android.view.View->forceLayout,0.016553067185978577
android.preference.Preference->setOnPreferenceChangeInternalListener,0.016553067185978577
android.net.NetworkInfo->access$602,0.016553067185978577
android.widget.TextView->performLongClick,0.016553067185978577
android.view.ViewGroup->access$100,0.016553067185978577
android.location.Criteria->access$002,0.016553067185978577
android.location.Address->access$1402,0.016553067185978577
android.content.BroadcastReceiver->getAbortBroadcast,0.016553067185978577
android.graphics.drawable.NinePatchDrawable->setFilterBitmap,0.016553067185978577
android.widget.ExpandableListView->setOnItemClickListener,0.016553067185978577
android.widget.ZoomButton->access$300,0.016553067185978577
android.view.inputmethod.InputMethodInfo-><init>,0.016553067185978577
android.net.NetworkInfo->access$302,0.016553067185978577
android.content.pm.FeatureInfo-><init>,0.016553067185978577
android.widget.AutoCompleteTextView->clearListSelection,0.016553067185978577
android.content.res.TypedArray->getResourceId,0.016553067185978577
android.net.Proxy->getPort,0.016553067185978577
android.view.ViewConfiguration->getLongPressTimeout,0.016553067185978577
android.webkit.WebView->access$4700,0.016553067185978577
android.hardware.Sensor->getHandle,0.016553067185978577
android.graphics.drawable.Drawable->unscheduleSelf,0.016553067185978577
android.preference.PreferenceGroup->isOnSameScreenAsChildren,0.016553067185978577
android.view.View->getId,0.016553067185978577
android.widget.ZoomButtonsController->access$700,0.016553067185978577
android.location.Address->access$602,0.016553067185978577
android.app.PendingIntent->getIntentSender,0.016553067185978577
org.apache.http.io.SessionOutputBuffer->flush,0.016553067185978577
android.content.ContentProviderOperation-><init>,0.016553067185978577
android.net.LocalSocket->connect,0.016553067185978577
android.text.method.BaseKeyListener-><clinit>,0.016553067185978577
android.database.sqlite.SQLiteCursor->access$600,0.016553067185978577
android.os.Handler->postAtTime,0.016553067185978577
android.widget.AbsListView->getSelectedView,0.016553067185978577
android.widget.TextView->getPaint,0.016553067185978577
android.os.Bundle->getParcelable,0.016553067185978577
android.content.ComponentName->getPackageName,0.016553067185978577
android.location.Address->access$100,0.016553067185978577
android.hardware.SensorEvent-><init>,0.016553067185978577
java.io.File->isDirectory,0.016553067185978577
android.widget.ImageView-><clinit>,0.016553067185978577
android.view.View->removeCallbacks,0.016553067185978577
android.os.Parcel->readHashMap,0.016553067185978577
android.widget.AbsListView->access$1200,0.016553067185978577
android.net.Uri->decode,0.016553067185978577
android.text.style.QuoteSpan-><init>,0.016553067185978577
android.text.method.CharacterPickerDialog->onItemClick,0.016553067185978577
android.webkit.WebView->access$4800,0.016553067185978577
android.widget.ListView->getCheckedItemPositions,0.016553067185978577
android.widget.BaseAdapter->registerDataSetObserver,0.016553067185978577
android.view.View->isFocused,0.016553067185978577
android.os.Parcel->readSparseBooleanArray,0.016553067185978577
android.content.IntentSender->writeToParcel,0.016553067185978577
android.widget.ImageView->setImageDrawable,0.016553067185978577
android.content.pm.PermissionInfo-><init>,0.016553067185978577
android.telephony.TelephonyManager-><clinit>,0.016553067185978577
android.content.res.Configuration-><init>,0.016553067185978577
android.app.Dialog->access$000,0.016553067185978577
android.widget.EditText->getText,0.016553067185978577
android.net.NetworkInfo-><init>,0.016553067185978577
android.accounts.AccountManager->access$500,0.016553067185978577
android.webkit.WebViewDatabase->clearCache,0.016553067185978577
android.view.View->restoreHierarchyState,0.016553067185978577
android.location.Criteria->access$302,0.016553067185978577
android.content.pm.ProviderInfo-><init>,0.016553067185978577
android.widget.SimpleCursorAdapter-><init>,0.016553067185978577
android.content.Intent->getData,0.016553067185978577
android.widget.BaseAdapter->notifyDataSetChanged,0.016553067185978577
android.graphics.Bitmap->recycle,0.016553067185978577
android.os.ResultReceiver-><init>,0.016553067185978577
android.telephony.ServiceState-><init>,0.016553067185978577
android.net.wifi.WifiInfo->setRssi,0.016553067185978577
android.graphics.drawable.Drawable->invalidateSelf,0.016553067185978577
android.widget.AbsListView->access$602,0.016553067185978577
android.view.Window->performPanelIdentifierAction,0.016553067185978577
android.content.BroadcastReceiver->getResultData,0.016553067185978577
android.telephony.TelephonyManager->getNetworkType,0.016553067185978577
android.location.Location->access$1102,0.016553067185978577
android.widget.AbsListView->access$1100,0.016553067185978577
android.view.View->dispatchDetachedFromWindow,0.016553067185978577
android.os.Parcel->readSerializable,0.016553067185978577
android.view.View->isEnabled,0.016553067185978577
android.os.Parcel->dataAvail,0.016553067185978577
android.location.Address->access$802,0.016553067185978577
android.view.accessibility.AccessibilityEvent-><clinit>,0.016553067185978577
android.content.ReceiverCallNotAllowedException-><init>,0.016553067185978577
android.location.Address->access$1102,0.016553067185978577
android.graphics.drawable.TransitionDrawable->startTransition,0.016553067185978577
android.view.View->isLongClickable,0.016553067185978577
android.telephony.ServiceState->setCdmaEriIconMode,0.016553067185978577
android.location.Address->access$502,0.016553067185978577
android.net.DhcpInfo-><init>,0.016553067185978577
android.view.accessibility.AccessibilityEvent->initFromParcel,0.016553067185978577
android.app.AlertDialog-><init>,0.016553067185978577
android.view.ViewGroup->dispatchDetachedFromWindow,0.016553067185978577
android.net.wifi.WifiInfo->setLinkSpeed,0.016553067185978577
android.widget.ExpandableListAdapter->getGroupId,0.016553067185978577
android.net.wifi.SupplicantState-><clinit>,0.016553067185978577
android.content.res.ColorStateList-><init>,0.016553067185978577
android.content.SyncAdapterType-><init>,0.016553067185978577
android.net.http.AndroidHttpClient->execute,0.016553067185978577
android.widget.ExpandableListView->performItemClick,0.016553067185978577
android.location.Location->access$1002,0.016553067185978577
android.text.style.ScaleXSpan-><init>,0.016553067185978577
android.webkit.GeolocationPermissions->clear,0.016553067185978577
android.net.wifi.WifiInfo->access$002,0.016553067185978577
java.io.File->mkdirs,0.016553067185978577
android.content.pm.ServiceInfo-><init>,0.016553067185978577
android.graphics.drawable.Drawable->getIntrinsicWidth,0.016483846107698763
android.graphics.drawable.Drawable->getIntrinsicHeight,0.016483846107698763
android.content.Context->startService,0.015515673959491827
android.graphics.Canvas->drawColor,0.015165876777251185
android.view.View->onDraw,0.015165876777251185
android.view.View->refreshDrawableState,0.015165876777251185
android.view.animation.Transformation-><init>,0.015165876777251185
android.util.DisplayMetrics-><init>,0.015165876777251185
android.view.Display->getMetrics,0.015165876777251185
android.view.View->setMeasuredDimension,0.015165876777251185
android.view.View->getBackground,0.015165876777251185
android.graphics.drawable.Drawable->setBounds,0.015096655698971374
android.content.Context->getPackageName,0.014853920451136843
android.content.ComponentName-><init>,0.014657332588822179
android.graphics.Rect->equals,0.014605647517039922
org.apache.http.HttpHost->getHostName,0.014605647517039922
android.view.animation.AnimationUtils->currentAnimationTimeMillis,0.01370946529024398
android.graphics.Canvas-><init>,0.01370946529024398
android.view.View->setClickable,0.01370946529024398
android.widget.Button->setVisibility,0.013660549061592864
android.widget.RelativeLayout->startAnimation,0.013244299644203657
java.io.File->mkdir,0.013020023350577075
java.io.FileReader-><init>,0.012322274881516588
android.view.animation.TranslateAnimation->setAnimationListener,0.012322274881516588
android.content.BroadcastReceiver->setResultData,0.012322274881516588
android.widget.ImageButton->setClickable,0.012322274881516588
java.io.File->getAbsolutePath,0.012322274881516588
android.view.animation.AlphaAnimation->setDuration,0.012322274881516588
android.view.animation.TranslateAnimation->setRepeatCount,0.012322274881516588
android.view.animation.AlphaAnimation->setRepeatMode,0.012322274881516588
android.view.animation.AlphaAnimation->initialize,0.012322274881516588
android.content.Context->getPackageManager,0.012322274881516588
android.graphics.drawable.Drawable->setAlpha,0.012322274881516588
android.view.animation.AlphaAnimation->setRepeatCount,0.012322274881516588
android.widget.ImageButton->isClickable,0.012322274881516588
android.content.Context->getFilesDir,0.012322274881516588
android.app.Instrumentation->execStartActivity,0.011710360549523067
javax.net.ssl.SSLSocket->getSession,0.011684518013631937
android.content.res.AssetManager->access$300,0.011684518013631937
org.apache.http.HttpHost->getPort,0.011684518013631937
android.bluetooth.BluetoothDevice-><init>,0.011684518013631937
javax.net.ssl.SSLSocket->close,0.010710808179162609
android.accounts.Account->equals,0.008763388510223954
android.view.inputmethod.InputMethodInfo->equals,0.008763388510223954
android.app.PendingIntent->equals,0.008763388510223954
android.content.res.Configuration->equals,0.008763388510223954
javax.net.ssl.SSLSession->invalidate,0.008763388510223954
android.content.pm.Signature->equals,0.008763388510223954
android.os.Messenger->equals,0.008763388510223954
android.content.IntentSender->equals,0.008763388510223954
android.os.SystemClock->currentThreadTimeMillis,0.008763388510223954
android.telephony.SignalStrength->equals,0.008763388510223954
android.graphics.Region->equals,0.008763388510223954
android.net.Uri->equals,0.008763388510223954
org.apache.http.entity.BasicHttpEntity->setChunked,0.008763388510223954
android.telephony.ServiceState->equals,0.008763388510223954
android.content.SyncAdapterType->equals,0.008763388510223954
android.graphics.Point->equals,0.008763388510223954
android.telephony.cdma.CdmaCellLocation->equals,0.008763388510223954
org.apache.http.entity.BasicHttpEntity->setContentLength,0.008763388510223954
android.graphics.Matrix->equals,0.008763388510223954
org.apache.http.entity.BasicHttpEntity->setContent,0.008763388510223954
android.telephony.gsm.GsmCellLocation->equals,0.008763388510223954
org.apache.http.params.BasicHttpParams-><init>,0.008763388510223954
android.content.ContentValues->equals,0.008763388510223954
org.apache.http.StatusLine->getProtocolVersion,0.008763388510223954
android.accounts.AuthenticatorDescription->equals,0.008763388510223954
android.content.ComponentName->equals,0.008763388510223954
org.apache.http.client.ClientProtocolException->printStackTrace,0.008530805687203791
com.google.android.gcm.GCMRegistrar->checkDevice,0.008530805687203791
android.view.animation.Animation->setAnimationListener,0.008530805687203791
com.google.android.gcm.GCMRegistrar->checkManifest,0.008530805687203791
java.io.PrintStream->println,0.008375750471857017
android.widget.CheckBox->setVisibility,0.007582938388625593
android.app.admin.DeviceAdminReceiver-><init>,0.006635071090047393
org.apache.http.ProtocolVersion->lessEquals,0.005842259006815969
org.apache.http.protocol.HttpContext->removeAttribute,0.005842259006815969
android.content.res.AssetManager->access$700,0.005842259006815969
org.apache.http.ProtocolVersion->getMajor,0.005842259006815969
org.apache.http.params.HttpParams->getIntParameter,0.005842259006815969
java.security.cert.CertificateNotYetValidException->getMessage,0.005842259006815969
android.net.http.SslError->getPrimaryError,0.005842259006815969
javax.net.ssl.SSLSocketFactory->createSocket,0.005842259006815969
org.apache.http.util.CharArrayBuffer->append,0.005842259006815969
java.security.cert.X509Certificate->getSubjectAlternativeNames,0.005842259006815969
org.apache.http.util.CharArrayBuffer->charAt,0.005842259006815969
org.apache.http.util.CharArrayBuffer-><init>,0.005842259006815969
org.apache.http.HttpHost->getSchemeName,0.005842259006815969
java.security.cert.CertificateExpiredException->getMessage,0.005842259006815969
org.apache.http.ProtocolVersion->getMinor,0.005842259006815969
org.apache.http.message.ParserCursor-><init>,0.005842259006815969
org.apache.http.io.SessionInputBuffer->readLine,0.005842259006815969
java.security.cert.X509Certificate->getSubjectDN,0.005842259006815969
org.apache.http.util.CharArrayBuffer->buffer,0.005842259006815969
org.apache.http.HttpEntityEnclosingRequest->getEntity,0.005842259006815969
android.os.HandlerThread->run,0.005842259006815969
org.apache.http.StatusLine->getReasonPhrase,0.005842259006815969
org.apache.http.util.CharArrayBuffer->substringTrimmed,0.005842259006815969
org.apache.http.params.BasicHttpParams->setIntParameter,0.005842259006815969
android.view.animation.Animation->setRepeatCount,0.005687203791469194
android.view.ContextThemeWrapper->setTheme,0.005687203791469194
android.database.Cursor->close,0.005687203791469194
android.widget.ImageView->setOnClickListener,0.004868549172346641
android.widget.ScrollView->pageScroll,0.004868549172346641
android.app.IntentService->onStartCommand,0.004739336492890996
org.apache.http.message.BasicNameValuePair-><init>,0.004600894336331374
org.apache.http.client.entity.UrlEncodedFormEntity-><init>,0.004230792304461989
java.io.File->list,0.004230792304461989
java.io.FileInputStream->read,0.0038948393378773127
android.database.Cursor->getString,0.0037914691943127963
android.database.Cursor->getColumnIndex,0.0037914691943127963
android.app.Dialog->cancel,0.0037397841225305377
java.security.cert.CertificateException->getMessage,0.0029211295034079843
org.apache.http.io.HttpMessageWriter->write,0.0029211295034079843
org.apache.http.protocol.RequestContent->process,0.0029211295034079843
org.apache.http.message.BasicHttpRequest->getAllHeaders,0.0029211295034079843
javax.net.ssl.SSLSocket->startHandshake,0.0029211295034079843
javax.net.ssl.SSLSession->getPeerCertificates,0.0029211295034079843
org.apache.http.io.SessionInputBuffer->getMetrics,0.0029211295034079843
javax.net.ssl.SSLSocket->setUseClientMode,0.0029211295034079843
org.apache.http.impl.HttpConnectionMetricsImpl->incrementRequestCount,0.0029211295034079843
java.security.cert.X509Certificate->getIssuerDN,0.0029211295034079843
java.security.GeneralSecurityException->getMessage,0.0029211295034079843
org.apache.http.util.CharArrayBuffer->clear,0.0029211295034079843
org.apache.http.message.BasicHttpRequest->addHeader,0.0029211295034079843
android.webkit.SslErrorHandler-><init>,0.0029211295034079843
org.apache.http.protocol.HttpContext->getAttribute,0.0029211295034079843
java.security.cert.X509Certificate->checkValidity,0.0029211295034079843
org.apache.http.entity.InputStreamEntity-><init>,0.0029211295034079843
org.apache.http.Header->getName,0.0029211295034079843
javax.net.ssl.SSLHandshakeException-><init>,0.0029211295034079843
org.apache.http.HttpException->getMessage,0.0029211295034079843
org.apache.http.message.BasicHttpRequest-><init>,0.0029211295034079843
org.apache.http.message.BasicHeaderValueParser->parseElements,0.0029211295034079843
android.app.Instrumentation->access$100,0.0029211295034079843
java.security.cert.X509Certificate->verify,0.0029211295034079843
org.apache.http.protocol.RequestContent-><init>,0.0029211295034079843
org.apache.http.message.BasicHttpEntityEnclosingRequest->setEntity,0.0029211295034079843
org.apache.http.HeaderElement->getName,0.0029211295034079843
org.apache.http.entity.BasicHttpEntity-><init>,0.0029211295034079843
org.apache.http.protocol.HttpContext->setAttribute,0.0029211295034079843
org.apache.http.HttpEntity->getContentLength,0.0029211295034079843
org.apache.http.impl.io.HttpRequestWriter-><init>,0.0029211295034079843
org.apache.http.impl.io.ContentLengthInputStream-><init>,0.0029211295034079843
org.apache.http.NoHttpResponseException-><init>,0.0029211295034079843
org.apache.http.params.HttpConnectionParams->getSocketBufferSize,0.0029211295034079843
android.app.Instrumentation->startPerformanceSnapshot,0.0029211295034079843
org.apache.http.ParseException->getMessage,0.0029211295034079843
org.apache.http.RequestLine->getMethod,0.0029211295034079843
org.apache.http.entity.BasicHttpEntity->setContentType,0.0029211295034079843
android.app.Instrumentation->onStart,0.0029211295034079843
org.apache.http.params.HttpConnectionParams->setSocketBufferSize,0.0029211295034079843
java.security.Principal->getName,0.0029211295034079843
org.apache.http.impl.entity.StrictContentLengthStrategy-><init>,0.0029211295034079843
android.net.http.SslCertificate-><init>,0.0029211295034079843
org.apache.http.HttpEntity->isChunked,0.0029211295034079843
org.apache.http.impl.HttpConnectionMetricsImpl->incrementResponseCount,0.0029211295034079843
org.apache.http.message.BasicLineParser->parseStatusLine,0.0029211295034079843
org.apache.http.params.HttpConnectionParams->getSoTimeout,0.0029211295034079843
org.apache.http.Header->getValue,0.0029211295034079843
org.apache.http.impl.io.ChunkedInputStream-><init>,0.0029211295034079843
org.apache.http.protocol.HTTP->isWhitespace,0.0029211295034079843
org.apache.http.message.BasicHttpRequest->removeHeaders,0.0029211295034079843
org.apache.http.impl.io.SocketOutputBuffer-><init>,0.0029211295034079843
org.apache.http.entity.BasicHttpEntity->setContentEncoding,0.0029211295034079843
org.apache.http.params.HttpConnectionParams->getTcpNoDelay,0.0029211295034079843
org.apache.http.HttpEntity->getContentEncoding,0.0029211295034079843
javax.net.ssl.SSLException-><init>,0.0029211295034079843
javax.net.ssl.SSLSocket->connect,0.0029211295034079843
android.webkit.HttpAuthHandler-><init>,0.0029211295034079843
org.apache.http.params.HttpConnectionParams->getLinger,0.0029211295034079843
org.apache.http.HttpRequest->getRequestLine,0.0029211295034079843
org.apache.http.io.SessionOutputBuffer->getMetrics,0.0029211295034079843
java.security.cert.X509Certificate->getPublicKey,0.0029211295034079843
javax.net.ssl.SSLSocket->setSoTimeout,0.0029211295034079843
org.apache.http.impl.io.IdentityInputStream-><init>,0.0029211295034079843
org.apache.http.impl.io.SocketInputBuffer-><init>,0.0029211295034079843
org.apache.http.impl.HttpConnectionMetricsImpl-><init>,0.0029211295034079843
org.apache.http.impl.entity.EntitySerializer-><init>,0.0029211295034079843
android.webkit.SslErrorHandler->checkSslPrefTable,0.0029211295034079843
org.apache.http.protocol.BasicHttpContext-><init>,0.0029211295034079843
org.apache.http.HttpHost->equals,0.0029211295034079843
org.apache.http.impl.entity.EntitySerializer->serialize,0.0029211295034079843
org.apache.http.HttpHost->toHostString,0.0029211295034079843
android.graphics.drawable.BitmapDrawable->draw,0.002843601895734597
android.graphics.Canvas->restoreToCount,0.002843601895734597
android.view.animation.Animation->setRepeatMode,0.002843601895734597
android.view.animation.Transformation->getMatrix,0.002843601895734597
android.view.animation.Animation->initialize,0.002843601895734597
android.view.animation.Animation->start,0.002843601895734597
android.view.animation.Animation->getTransformation,0.002843601895734597
android.graphics.Canvas->save,0.002843601895734597
android.view.View->isClickable,0.002843601895734597
android.view.animation.AnimationSet->getTransformation,0.002843601895734597
android.graphics.Canvas->concat,0.002843601895734597
android.view.View->setLayoutParams,0.0024734998638652125
org.apache.http.client.methods.HttpPost-><init>,0.0023350577073055923
android.view.View->setBackgroundDrawable,0.0023350577073055923
org.apache.http.client.methods.HttpPost->setEntity,0.0023350577073055923
java.io.FileInputStream->close,0.0019474196689386564
org.apache.http.impl.client.BasicResponseHandler-><init>,0.0018957345971563982
android.app.admin.DevicePolicyManager->isAdminActive,0.0018957345971563982
org.apache.http.entity.ByteArrayEntity-><init>,0.0018957345971563982
android.database.Cursor->moveToFirst,0.0018957345971563982
android.app.Activity->onStart,0.0018957345971563982
org.apache.http.client.methods.HttpPost->setHeader,0.0018957345971563982
android.database.Cursor->moveToNext,0.0018957345971563982
android.view.animation.AlphaAnimation-><init>,0.0013871904087273922
android.graphics.drawable.Drawable-><init>,0.0013871904087273922
android.graphics.drawable.Drawable->setCallback,0.0013871904087273922
android.view.View->setFocusable,0.0013871904087273922
org.apache.http.client.methods.HttpGet->setURI,0.0009478672985781991
android.text.format.DateFormat->format,0.0009478672985781991
android.net.NetworkInfo->isConnectedOrConnecting,0.0009478672985781991
android.content.ContextWrapper->getApplicationContext,0.0005980701163377233
android.view.ViewGroup->startLayoutAnimation,2.5842535891129094e-05
android.view.ViewGroup->setLayoutAnimation,2.5842535891129094e-05
android.view.animation.LayoutAnimationController-><init>,2.5842535891129094e-05
android.widget.ProgressBar->setEnabled,2.5842535891129094e-05
